NodeCount,ArcCount,Objective,Repetition,Status,ProblemCode,SolverInfo,StarterProcessId,WorkerProcessId,StarterWorkerPidMatch,WorkerPidConfirmedByResult,MonitoringAttached,MonitoringSource,StarterExitCode,WorkerExitCode,SamplingPeriod_s,MemorySamples_ModelPlusSolve,MemorySamples_Optimize,BaselineBeforeModelWorkingSet_MB,BaselineBeforeModelPrivateMemory_MB,BaselineBeforeOptimizeWorkingSet_MB,BaselineBeforeOptimizePrivateMemory_MB,SampledPeakModelPlusSolveWorkingSet_MB,SampledPeakModelPlusSolvePrivateMemory_MB,SampledPeakOptimizeWorkingSet_MB,SampledPeakOptimizePrivateMemory_MB,PeakModelPlusSolveWorkingSet_MB,PeakModelPlusSolvePrivateMemory_MB,PeakOptimizeWorkingSet_MB,PeakOptimizePrivateMemory_MB,AdditionalPeakWorkingSet_MB,AdditionalPeakPrivateMemory_MB,AdditionalModelPlusSolveWorkingSet_MB,AdditionalModelPlusSolvePrivateMemory_MB,MemoryMeasurementValid,MemoryMeasurementNote,SolverTime_s,YALMIPTime_s,OptimizeWallTime_s,RelativeGap_percent,AbsoluteGap,ApproxBinaryVariables,ApproxContinuousVariables,ErrorMessage
10,15,cost,1,Optimal,0,Successfully solved (Successfully solved (INTLINPROG)),5680,11004,0,1,1,worker-reported-pid,0,NaN,0.05,149,56,506.796875,408.6015625,655.5859375,519.46484375,734.734375,593.02734375,734.734375,593.02734375,734.734375,593.02734375,734.734375,593.02734375,79.1484375,73.5625,227.9375,184.42578125,1,OK,2.1328741,1.3371259,3.4965381,0,0,11630,1020,
10,15,cost,2,Optimal,0,Successfully solved (Successfully solved (INTLINPROG)),28640,26784,0,1,1,worker-reported-pid,0,NaN,0.05,75,29,507.88671875,410.7265625,655.84765625,519.47265625,736.66015625,593.2421875,736.66015625,593.2421875,736.66015625,593.2421875,736.66015625,593.2421875,80.8125,73.76953125,228.7734375,182.515625,1,OK,1.2772179,0.489782100000003,1.7835956,0,0,11630,1020,
10,15,cost,3,Optimal,0,Successfully solved (Successfully solved (INTLINPROG)),27916,33072,0,1,1,worker-reported-pid,0,NaN,0.05,146,56,507.21484375,408.125,656.01953125,519.8203125,735.84765625,592.69921875,735.84765625,592.69921875,735.84765625,592.69921875,735.84765625,592.69921875,79.828125,72.87890625,228.6328125,184.57421875,1,OK,2.1113714,1.3286286,3.4665228,0,0,11630,1020,
10,15,cost,4,Optimal,0,Successfully solved (Successfully solved (INTLINPROG)),27144,27764,0,1,1,worker-reported-pid,0,NaN,0.05,79,28,510.16015625,414.43359375,656.15625,520.05859375,735.9375,592.64453125,735.9375,592.64453125,735.9375,592.64453125,735.9375,592.64453125,79.78125,72.5859375,225.77734375,178.2109375,1,OK,1.2504678,0.485532199999997,1.7510859,0,0,11630,1020,
10,15,cost,5,Optimal,0,Successfully solved (Successfully solved (INTLINPROG)),21404,27012,0,1,1,worker-reported-pid,0,NaN,0.05,75,29,509.07421875,409.9765625,656.98046875,521.234375,737.890625,595.07421875,737.890625,595.07421875,737.890625,595.07421875,737.890625,595.07421875,80.91015625,73.83984375,228.81640625,185.09765625,1,OK,1.2863551,0.487644899999997,1.7892387,0,0,11630,1020,
10,15,cost,6,Optimal,0,Successfully solved (Successfully solved (INTLINPROG)),14532,5248,0,1,1,worker-reported-pid,0,NaN,0.05,77,28,510.109375,414.48046875,655.59375,519.34375,736.609375,593.4375,736.609375,593.4375,736.609375,593.4375,736.609375,593.4375,81.015625,74.09375,226.5,178.95703125,1,OK,1.2423984,0.4756016,1.7342119,0,0,11630,1020,
10,15,cost,7,Optimal,0,Successfully solved (Successfully solved (INTLINPROG)),26684,29880,0,1,1,worker-reported-pid,0,NaN,0.05,80,28,506.3984375,408.05859375,655.03125,519.2265625,734.1796875,591.23828125,734.1796875,591.23828125,734.1796875,591.23828125,734.1796875,591.23828125,79.1484375,72.01171875,227.78125,183.1796875,1,OK,1.2429446,0.480055400000003,1.738229,0,0,11630,1020,
10,15,cost,8,Optimal,0,Successfully solved (Successfully solved (INTLINPROG)),14260,12332,0,1,1,worker-reported-pid,0,NaN,0.05,77,28,505.78125,406.21875,653.4375,517.55859375,734.6875,592.19140625,734.6875,592.19140625,734.6875,592.19140625,734.6875,592.19140625,81.25,74.6328125,228.90625,185.97265625,1,OK,1.2511964,0.478803600000004,1.7451182,0,0,11630,1020,
10,15,cost,9,Optimal,0,Successfully solved (Successfully solved (INTLINPROG)),532,6720,0,1,1,worker-reported-pid,0,NaN,0.05,73,26,506.5546875,407.3671875,656.34375,520.0390625,737.1015625,593.6484375,737.1015625,593.6484375,737.1015625,593.6484375,737.1015625,593.6484375,80.7578125,73.609375,230.546875,186.28125,1,OK,1.2028836,0.455116400000001,1.6732592,0,0,11630,1020,
10,15,cost,10,Optimal,0,Successfully solved (Successfully solved (INTLINPROG)),6680,33684,0,1,1,worker-reported-pid,0,NaN,0.05,79,28,505.984375,406.77734375,653.375,517.5703125,734.16796875,591.375,734.16796875,591.375,734.16796875,591.375,734.16796875,591.375,80.79296875,73.8046875,228.18359375,184.59765625,1,OK,1.2549456,0.483054399999999,1.754544,0,0,11630,1020,
10,15,cost,11,Optimal,0,Successfully solved (Successfully solved (INTLINPROG)),21336,32948,0,1,1,worker-reported-pid,0,NaN,0.05,173,56,507.3828125,407.34765625,656.05859375,520.09375,734.984375,592.4140625,734.984375,592.4140625,734.984375,592.4140625,734.984375,592.4140625,78.92578125,72.3203125,227.6015625,185.06640625,1,OK,2.1386586,1.3503414,3.515719,0,0,11630,1020,
10,15,cost,12,Optimal,0,Successfully solved (Successfully solved (INTLINPROG)),32952,19528,0,1,1,worker-reported-pid,0,NaN,0.05,157,57,506.7265625,407.13671875,655.36328125,518.82421875,734.984375,591.16796875,734.984375,591.16796875,734.984375,591.16796875,734.984375,591.16796875,79.62109375,72.34375,228.2578125,184.03125,1,OK,2.1407005,1.3772995,3.5443659,0,0,11630,1020,
10,15,cost,13,Optimal,0,Successfully solved (Successfully solved (INTLINPROG)),31320,27388,0,1,1,worker-reported-pid,0,NaN,0.05,176,56,506.30859375,408.93359375,654.66015625,518.72265625,732.9140625,589.8984375,732.9140625,589.8984375,732.9140625,589.8984375,732.9140625,589.8984375,78.25390625,71.17578125,226.60546875,180.96484375,1,OK,2.1197426,1.3192574,3.4660109,0,0,11630,1020,
10,15,cost,14,Optimal,0,Successfully solved (Successfully solved (INTLINPROG)),33496,34588,0,1,1,worker-reported-pid,0,NaN,0.05,159,58,510.8203125,410.88671875,660.3359375,524.48046875,740.0234375,598.34765625,740.0234375,598.34765625,740.0234375,598.34765625,740.0234375,598.34765625,79.6875,73.8671875,229.203125,187.4609375,1,OK,2.185164,1.388836,3.6014731,0,0,11630,1020,
10,15,cost,15,Optimal,0,Successfully solved (Successfully solved (INTLINPROG)),21944,10480,0,1,1,worker-reported-pid,0,NaN,0.05,80,30,507.55078125,405.17578125,658.73046875,522.6328125,739.0234375,595.87890625,739.0234375,595.87890625,739.0234375,595.87890625,739.0234375,595.87890625,80.29296875,73.24609375,231.47265625,190.703125,1,OK,1.28732,0.579680000000001,1.884896,0,0,11630,1020,
10,15,cost,16,Optimal,0,Successfully solved (Successfully solved (INTLINPROG)),28244,33504,0,1,1,worker-reported-pid,0,NaN,0.05,78,28,509.6953125,411.46875,658.23828125,522.0390625,738.53515625,596.64453125,738.53515625,596.64453125,738.53515625,596.64453125,738.53515625,596.64453125,80.296875,74.60546875,228.83984375,185.17578125,1,OK,1.2799529,0.478047100000003,1.7737069,0,0,11630,1020,
10,15,cost,17,Optimal,0,Successfully solved (Successfully solved (INTLINPROG)),33188,33892,0,1,1,worker-reported-pid,0,NaN,0.05,150,57,507.6015625,410.22265625,657.77734375,521.31640625,737.1484375,594.71875,737.1484375,594.71875,737.1484375,594.71875,737.1484375,594.71875,79.37109375,73.40234375,229.546875,184.49609375,1,OK,2.1460779,1.4109221,3.5847104,0,0,11630,1020,
10,15,cost,18,Optimal,0,Successfully solved (Successfully solved (INTLINPROG)),5680,23652,0,1,1,worker-reported-pid,0,NaN,0.05,168,59,508.765625,414.21875,656.5390625,520.08984375,736.84375,593.69921875,736.84375,593.69921875,736.84375,593.69921875,736.84375,593.69921875,80.3046875,73.609375,228.078125,179.48046875,1,OK,2.2234498,1.3925502,3.6443562,0,0,11630,1020,
10,15,cost,19,Optimal,0,Successfully solved (Successfully solved (INTLINPROG)),34280,33676,0,1,1,worker-reported-pid,0,NaN,0.05,223,67,507.3828125,408.05078125,657.01953125,521.28515625,735.10546875,593.19921875,735.10546875,593.19921875,735.10546875,593.19921875,735.10546875,593.19921875,78.0859375,71.9140625,227.72265625,185.1484375,1,OK,2.4329039,1.7320961,4.1990677,0,0,11630,1020,
10,15,cost,20,Optimal,0,Successfully solved (Successfully solved (INTLINPROG)),33884,9016,0,1,1,worker-reported-pid,0,NaN,0.05,168,59,507.72265625,408.69921875,655.8046875,519.44140625,735.17578125,592.05859375,735.17578125,592.05859375,735.17578125,592.05859375,735.17578125,592.05859375,79.37109375,72.6171875,227.453125,183.359375,1,OK,2.2133736,1.38962639999999,3.628558,0,0,11630,1020,
10,15,distance,1,Optimal,0,Successfully solved (Successfully solved (INTLINPROG)),24072,28820,0,1,1,worker-reported-pid,0,NaN,0.05,150,30,506.77734375,407.01953125,656.01171875,520.09375,729.84765625,586.66796875,729.84765625,586.66796875,729.84765625,586.66796875,729.84765625,586.66796875,73.8359375,66.57421875,223.0703125,179.6484375,1,OK,0.4793492,1.3226508,1.8260186,0,0,11630,1020,
10,15,distance,2,Optimal,0,Successfully solved (Successfully solved (INTLINPROG)),33576,33420,0,1,1,worker-reported-pid,0,NaN,0.05,56,12,505.12890625,405.234375,654.875,518.90625,727.3125,584.078125,727.3125,584.078125,727.3125,584.078125,727.3125,584.078125,72.4375,65.171875,222.18359375,178.84375,1,OK,0.2698082,0.437191799999999,0.7208364,0,0,11630,1020,
10,15,distance,3,Optimal,0,Successfully solved (Successfully solved (INTLINPROG)),4784,27896,0,1,1,worker-reported-pid,0,NaN,0.05,115,29,507.7265625,407.58203125,658.73828125,522.71484375,729.640625,587.21484375,729.640625,587.21484375,729.640625,587.21484375,729.640625,587.21484375,70.90234375,64.5,221.9140625,179.6328125,1,OK,0.483544,1.323456,1.8305468,0,0,11630,1020,
10,15,distance,4,Optimal,0,Successfully solved (Successfully solved (INTLINPROG)),29612,33076,0,1,1,worker-reported-pid,0,NaN,0.05,64,13,508.6640625,411.94140625,657.28515625,520.87890625,730.21484375,587.01953125,730.21484375,587.01953125,730.21484375,587.01953125,730.21484375,587.01953125,72.9296875,66.140625,221.55078125,175.078125,1,OK,0.2906797,0.5323203,0.8363033,0,0,11630,1020,
10,15,distance,5,Optimal,0,Successfully solved (Successfully solved (INTLINPROG)),31728,1864,0,1,1,worker-reported-pid,0,NaN,0.05,63,13,506.7109375,405.23046875,655.9765625,520.2421875,727.921875,585.00390625,727.921875,585.00390625,727.921875,585.00390625,727.921875,585.00390625,71.9453125,64.76171875,221.2109375,179.7734375,1,OK,0.3089647,0.489035300000002,0.8121929,0,0,11630,1020,
10,15,distance,6,Optimal,0,Successfully solved (Successfully solved (INTLINPROG)),13060,23644,0,1,1,worker-reported-pid,0,NaN,0.05,65,13,510.94921875,416.58203125,660.9765625,524.6953125,734.078125,590.63671875,734.078125,590.63671875,734.078125,590.63671875,734.078125,590.63671875,73.1015625,65.94140625,223.12890625,174.0546875,1,OK,0.2999879,0.4890121,0.8020898,0,0,11630,1020,
10,15,distance,7,Optimal,0,Successfully solved (Successfully solved (INTLINPROG)),15632,32256,0,1,1,worker-reported-pid,0,NaN,0.05,64,14,508.34375,409.00390625,656.16796875,520.82421875,729.60546875,587.4765625,729.60546875,587.4765625,729.60546875,587.4765625,729.60546875,587.4765625,73.4375,66.65234375,221.26171875,178.47265625,1,OK,0.2974241,0.582575899999999,0.8940465,0,0,11630,1020,
10,15,distance,8,Optimal,0,Successfully solved (Successfully solved (INTLINPROG)),10328,26248,0,1,1,worker-reported-pid,0,NaN,0.05,63,13,511.1796875,407.96875,658.68359375,526.796875,731.5390625,592.55078125,731.5390625,592.55078125,731.5390625,592.55078125,731.5390625,592.55078125,72.85546875,65.75390625,220.359375,184.58203125,1,OK,0.2884802,0.488519800000001,0.7922777,0,0,11630,1020,
10,15,distance,9,Optimal,0,Successfully solved (Successfully solved (INTLINPROG)),27568,5240,0,1,1,worker-reported-pid,0,NaN,0.05,60,12,508.37109375,409.890625,656.625,520.92578125,728.6171875,585.30078125,728.6171875,585.30078125,728.6171875,585.30078125,728.6171875,585.30078125,71.9921875,64.375,220.24609375,175.41015625,1,OK,0.2855731,0.456426900000004,0.7550821,0,0,11630,1020,
10,15,distance,10,Optimal,0,Successfully solved (Successfully solved (INTLINPROG)),16592,7372,0,1,1,worker-reported-pid,0,NaN,0.05,64,13,508.734375,409.86328125,657.28515625,521.2890625,730.1796875,587.1171875,730.1796875,587.1171875,730.1796875,587.1171875,730.1796875,587.1171875,72.89453125,65.828125,221.4453125,177.25390625,1,OK,0.3083961,0.487603899999999,0.8109024,0,0,11630,1020,
10,15,distance,11,Optimal,0,Successfully solved (Successfully solved (INTLINPROG)),23896,33272,0,1,1,worker-reported-pid,0,NaN,0.05,137,31,508.12890625,412.171875,655.03515625,518.86328125,728.05078125,584.91796875,728.05078125,584.91796875,728.05078125,584.91796875,728.05078125,584.91796875,73.015625,66.0546875,219.921875,172.74609375,1,OK,0.4877218,1.4262782,1.9418424,0,0,11630,1020,
10,15,distance,12,Optimal,0,Successfully solved (Successfully solved (INTLINPROG)),24016,4728,0,1,1,worker-reported-pid,0,NaN,0.05,132,31,509.6328125,411.92578125,657.2109375,521.2734375,730.63671875,587.2890625,730.63671875,587.2890625,730.63671875,587.2890625,730.63671875,587.2890625,73.42578125,66.015625,221.00390625,175.36328125,1,OK,0.4994045,1.3505955,1.8770604,0,0,11630,1020,
10,15,distance,13,Optimal,0,Successfully solved (Successfully solved (INTLINPROG)),18260,6776,0,1,1,worker-reported-pid,0,NaN,0.05,139,30,508.21875,407.3203125,657.359375,521.234375,730.81640625,587.5,730.81640625,587.5,730.81640625,587.5,730.81640625,587.5,73.45703125,66.265625,222.59765625,180.1796875,1,OK,0.5170628,1.3259372,1.8688455,0,0,11630,1020,
10,15,distance,14,Optimal,0,Successfully solved (Successfully solved (INTLINPROG)),33452,32120,0,1,1,worker-reported-pid,0,NaN,0.05,131,30,506.75,406.09765625,657.79296875,522.5625,730.46484375,588.14453125,730.46484375,588.14453125,730.46484375,588.14453125,730.46484375,588.14453125,72.671875,65.58203125,223.71484375,182.046875,1,OK,0.5009833,1.3570167,1.8834037,0,0,11630,1020,
10,15,distance,15,Optimal,0,Successfully solved (Successfully solved (INTLINPROG)),27272,34392,0,1,1,worker-reported-pid,0,NaN,0.05,64,13,507.7421875,409.90234375,657.19921875,520.66796875,729.359375,585.73046875,729.359375,585.73046875,729.359375,585.73046875,729.359375,585.73046875,72.16015625,65.0625,221.6171875,175.828125,1,OK,0.2946494,0.5033506,0.812125,0,0,11630,1020,
10,15,distance,16,Optimal,0,Successfully solved (Successfully solved (INTLINPROG)),14640,3452,0,1,1,worker-reported-pid,0,NaN,0.05,63,13,510.1875,410.4453125,655.4140625,519.3671875,729.625,586.45703125,729.625,586.45703125,729.625,586.45703125,729.625,586.45703125,74.2109375,67.08984375,219.4375,176.01171875,1,OK,0.2850043,0.478995700000003,0.7778167,0,0,11630,1020,
10,15,distance,17,Optimal,0,Successfully solved (Successfully solved (INTLINPROG)),33816,31776,0,1,1,worker-reported-pid,0,NaN,0.05,139,30,508.01171875,409.40625,656.18359375,519.5234375,730.015625,586.12109375,730.015625,586.12109375,730.015625,586.12109375,730.015625,586.12109375,73.83203125,66.59765625,222.00390625,176.71484375,1,OK,0.5083144,1.3406856,1.8736337,0,0,11630,1020,
10,15,distance,18,Optimal,0,Successfully solved (Successfully solved (INTLINPROG)),6124,31500,0,1,1,worker-reported-pid,0,NaN,0.05,159,32,507.64453125,408.0703125,657.80859375,521.875,730.55078125,587.453125,730.55078125,587.453125,730.55078125,587.453125,730.55078125,587.453125,72.7421875,65.578125,222.90625,179.3828125,1,OK,0.5403157,1.4366843,2.0035314,0,0,11630,1020,
10,15,distance,19,Optimal,0,Successfully solved (Successfully solved (INTLINPROG)),12564,32968,0,1,1,worker-reported-pid,0,NaN,0.05,152,31,506.9609375,408.72265625,657.0078125,520.8515625,731.2578125,587.64453125,731.2578125,587.64453125,731.2578125,587.64453125,731.2578125,587.64453125,74.25,66.79296875,224.296875,178.921875,1,OK,0.5132822,1.3727178,1.9142826,0,0,11630,1020,
10,15,distance,20,Optimal,0,Successfully solved (Successfully solved (INTLINPROG)),28044,540,0,1,1,worker-reported-pid,0,NaN,0.05,124,13,508,406.37109375,657.7734375,520.70703125,729.9921875,586.61328125,729.9921875,586.61328125,729.9921875,586.61328125,729.9921875,586.61328125,72.21875,65.90625,221.9921875,180.2421875,1,OK,0.2868167,0.523183299999995,0.8244915,0,0,11630,1020,
10,15,energy,1,Optimal,0,Successfully solved (Successfully solved (INTLINPROG)),8268,19048,0,1,1,worker-reported-pid,0,NaN,0.05,141,32,510.66015625,414.64453125,658.6953125,523.33203125,737.58984375,595.8125,737.58984375,595.8125,737.58984375,595.8125,737.58984375,595.8125,78.89453125,72.48046875,226.9296875,181.16796875,1,OK,0.6279528,1.3220472,1.9797258,0,0,11630,1020,
10,15,energy,2,Optimal,0,Successfully solved (Successfully solved (INTLINPROG)),2652,30800,0,1,1,worker-reported-pid,0,NaN,0.05,63,14,506.97265625,407.56640625,656.171875,519.82421875,735.9375,592.9921875,735.9375,592.9921875,735.9375,592.9921875,735.9375,592.9921875,79.765625,73.16796875,228.96484375,185.42578125,1,OK,0.3524041,0.470595899999993,0.8369407,0,0,11630,1020,
10,15,energy,3,Optimal,0,Successfully solved (Successfully solved (INTLINPROG)),23972,32836,0,1,1,worker-reported-pid,0,NaN,0.05,121,36,506.13671875,404.953125,657.5234375,521.31640625,736.58984375,594.10546875,736.58984375,594.10546875,736.58984375,594.10546875,736.58984375,594.10546875,79.06640625,72.7890625,230.453125,189.15234375,1,OK,0.6370177,1.5469823,2.2097588,0,0,11630,1020,
10,15,energy,4,Optimal,0,Successfully solved (Successfully solved (INTLINPROG)),8272,27288,0,1,1,worker-reported-pid,0,NaN,0.05,64,14,507.5703125,408.87109375,656.9921875,520.91015625,736.6171875,594.27734375,736.6171875,594.27734375,736.6171875,594.27734375,736.6171875,594.27734375,79.625,73.3671875,229.046875,185.40625,1,OK,0.3650413,0.481958699999994,0.8628759,0,0,11630,1020,
10,15,energy,5,Optimal,0,Successfully solved (Successfully solved (INTLINPROG)),6876,23624,0,1,1,worker-reported-pid,0,NaN,0.05,64,14,509.9609375,411.4140625,656.05859375,519.421875,737.171875,594.01171875,737.171875,594.01171875,737.171875,594.01171875,737.171875,594.01171875,81.11328125,74.58984375,227.2109375,182.59765625,1,OK,0.3669285,0.490071499999999,0.8705327,0,0,11630,1020,
10,15,energy,6,Optimal,0,Successfully solved (Successfully solved (INTLINPROG)),29676,30804,0,1,1,worker-reported-pid,0,NaN,0.05,64,14,506.4296875,409.98046875,657.1796875,521.3046875,736.19921875,593.65625,736.19921875,593.65625,736.19921875,593.65625,736.19921875,593.65625,79.01953125,72.3515625,229.76953125,183.67578125,1,OK,0.3602445,0.477755500000001,0.8546844,0,0,11630,1020,
10,15,energy,7,Optimal,0,Successfully solved (Successfully solved (INTLINPROG)),3896,30308,0,1,1,worker-reported-pid,0,NaN,0.05,63,14,506.26953125,404.94140625,658.7890625,522.74609375,737.38671875,595.01171875,737.38671875,595.01171875,737.38671875,595.01171875,737.38671875,595.01171875,78.59765625,72.265625,231.1171875,190.0703125,1,OK,0.3531881,0.489811900000004,0.8583321,0,0,11630,1020,
10,15,energy,8,Optimal,0,Successfully solved (Successfully solved (INTLINPROG)),24104,3568,0,1,1,worker-reported-pid,0,NaN,0.05,64,14,509.30859375,411.23046875,657.5703125,521.78515625,737.1796875,594.92578125,737.1796875,594.92578125,737.1796875,594.92578125,737.1796875,594.92578125,79.609375,73.140625,227.87109375,183.6953125,1,OK,0.3778815,0.484118500000002,0.8782933,0,0,11630,1020,
10,15,energy,9,Optimal,0,Successfully solved (Successfully solved (INTLINPROG)),33700,4036,0,1,1,worker-reported-pid,0,NaN,0.05,60,13,508.109375,408.81640625,654.72265625,518.7578125,733.18359375,590.37109375,733.18359375,590.37109375,733.18359375,590.37109375,733.18359375,590.37109375,78.4609375,71.61328125,225.07421875,181.5546875,1,OK,0.3429536,0.464046400000002,0.8193411,0,0,11630,1020,
10,15,energy,10,Optimal,0,Successfully solved (Successfully solved (INTLINPROG)),2168,33768,0,1,1,worker-reported-pid,0,NaN,0.05,65,14,505.40234375,405.45703125,656.04296875,519.60546875,737.3125,594.234375,737.3125,594.234375,737.3125,594.234375,737.3125,594.234375,81.26953125,74.62890625,231.91015625,188.77734375,1,OK,0.3672607,0.4797393,0.8629285,0,0,11630,1020,
10,15,energy,11,Optimal,0,Successfully solved (Successfully solved (INTLINPROG)),15512,1548,0,1,1,worker-reported-pid,0,NaN,0.05,139,32,509.65234375,411.03125,658.36328125,522.09375,736.9296875,594.04296875,736.9296875,594.04296875,736.9296875,594.04296875,736.9296875,594.04296875,78.56640625,71.94921875,227.27734375,183.01171875,1,OK,0.6242699,1.3747301,2.0263497,0,0,11630,1020,
10,15,energy,12,Optimal,0,Successfully solved (Successfully solved (INTLINPROG)),33360,15372,0,1,1,worker-reported-pid,0,NaN,0.05,59,13,507.34375,406.21484375,655.3671875,519.29296875,734.5234375,591.76953125,734.5234375,591.76953125,734.5234375,591.76953125,734.5234375,591.76953125,79.15625,72.4765625,227.1796875,185.5546875,1,OK,0.3683454,0.459654599999996,0.8426638,0,0,11630,1020,
10,15,energy,13,Optimal,0,Successfully solved (Successfully solved (INTLINPROG)),27224,33500,0,1,1,worker-reported-pid,0,NaN,0.05,135,33,506.703125,403.359375,657.375,521.69140625,736.57421875,594.11328125,736.57421875,594.11328125,736.57421875,594.11328125,736.57421875,594.11328125,79.19921875,72.421875,229.87109375,190.75390625,1,OK,0.6606586,1.3613414,2.0520772,0,0,11630,1020,
10,15,energy,14,Optimal,0,Successfully solved (Successfully solved (INTLINPROG)),8316,520,0,1,1,worker-reported-pid,0,NaN,0.05,138,33,510.78515625,409.41796875,657.9375,522.328125,735.79296875,593.51953125,735.79296875,593.51953125,735.79296875,593.51953125,735.79296875,593.51953125,77.85546875,71.19140625,225.0078125,184.1015625,1,OK,0.6590233,1.3899767,2.0761283,0,0,11630,1020,
10,15,energy,15,Optimal,0,Successfully solved (Successfully solved (INTLINPROG)),580,16560,0,1,1,worker-reported-pid,0,NaN,0.05,65,14,506.75,407.46875,657.2734375,521.8515625,735.92578125,594.16015625,735.92578125,594.16015625,735.92578125,594.16015625,735.92578125,594.16015625,78.65234375,72.30859375,229.17578125,186.69140625,1,OK,0.357509,0.479490999999996,0.8527813,0,0,11630,1020,
10,15,energy,16,Optimal,0,Successfully solved (Successfully solved (INTLINPROG)),34336,7992,0,1,1,worker-reported-pid,0,NaN,0.05,64,14,507.33984375,409.75390625,656.09375,520.3046875,735.20703125,592.44921875,735.20703125,592.44921875,735.20703125,592.44921875,735.20703125,592.44921875,79.11328125,72.14453125,227.8671875,182.6953125,1,OK,0.3636626,0.4763374,0.8559059,0,0,11630,1020,
10,15,energy,17,Optimal,0,Successfully solved (Successfully solved (INTLINPROG)),8176,28172,0,1,1,worker-reported-pid,0,NaN,0.05,124,32,507,404.515625,659.2578125,522.91796875,737.53125,595.01171875,737.53125,595.01171875,737.53125,595.01171875,737.53125,595.01171875,78.2734375,72.09375,230.53125,190.49609375,1,OK,0.6214367,1.3485633,1.9960997,0,0,11630,1020,
10,15,energy,18,Optimal,0,Successfully solved (Successfully solved (INTLINPROG)),4916,19128,0,1,1,worker-reported-pid,0,NaN,0.05,130,32,507.88671875,409.375,656.7109375,520.64453125,737.18359375,594.59375,737.18359375,594.59375,737.18359375,594.59375,737.18359375,594.59375,80.47265625,73.94921875,229.296875,185.21875,1,OK,0.6238789,1.3541211,2.002031,0,0,11630,1020,
10,15,energy,19,Optimal,0,Successfully solved (Successfully solved (INTLINPROG)),31832,30564,0,1,1,worker-reported-pid,0,NaN,0.05,65,14,505.484375,404.72265625,655.14453125,519.6640625,733.2734375,591.22265625,733.2734375,591.22265625,733.2734375,591.22265625,733.2734375,591.22265625,78.12890625,71.55859375,227.7890625,186.5,1,OK,0.3645264,0.518473599999999,0.9000866,0,0,11630,1020,
10,15,energy,20,Optimal,0,Successfully solved (Successfully solved (INTLINPROG)),33188,21496,0,1,1,worker-reported-pid,0,NaN,0.05,135,31,510.96484375,412.35546875,660.34375,523.9921875,738.76953125,596.15234375,738.76953125,596.15234375,738.76953125,596.15234375,738.76953125,596.15234375,78.42578125,72.16015625,227.8046875,183.796875,1,OK,0.6127227,1.3182773,1.9593672,0,0,11630,1020,
10,15,time,1,Optimal,0,Successfully solved (Successfully solved (INTLINPROG)),26684,11000,0,1,1,worker-reported-pid,0,NaN,0.05,130,36,509.86328125,411.359375,657.18359375,521.8359375,736.19921875,594.00390625,736.19921875,594.00390625,736.19921875,594.00390625,736.19921875,594.00390625,79.015625,72.16796875,226.3359375,182.64453125,1,OK,0.9131628,1.3418372,2.2835291,0,0,11630,1020,
10,15,time,2,Optimal,0,Successfully solved (Successfully solved (INTLINPROG)),32960,25324,0,1,1,worker-reported-pid,0,NaN,0.05,65,16,508.4921875,410.81640625,655.44140625,519.65625,736.97265625,594.421875,736.97265625,594.421875,736.97265625,594.421875,736.97265625,594.421875,81.53125,74.765625,228.48046875,183.60546875,1,OK,0.5353829,0.462617100000001,1.0132451,0,0,11630,1020,
10,15,time,3,Optimal,0,Successfully solved (Successfully solved (INTLINPROG)),33532,30596,0,1,1,worker-reported-pid,0,NaN,0.05,139,37,504.07421875,406.98828125,654.5546875,518.1171875,733.29296875,590.2109375,733.29296875,590.2109375,733.29296875,590.2109375,733.29296875,590.2109375,78.73828125,72.09375,229.21875,183.22265625,1,OK,0.9353231,1.3336769,2.2953969,0,0,11630,1020,
10,15,time,4,Optimal,0,Successfully solved (Successfully solved (INTLINPROG)),22824,23812,0,1,1,worker-reported-pid,0,NaN,0.05,69,17,508.3203125,409.72265625,658.01171875,522.42578125,736.84765625,594.53515625,736.84765625,594.53515625,736.84765625,594.53515625,736.84765625,594.53515625,78.8359375,72.109375,228.52734375,184.8125,1,OK,0.5583864,0.478613599999999,1.0510976,0,0,11630,1020,
10,15,time,5,Optimal,0,Successfully solved (Successfully solved (INTLINPROG)),7372,32532,0,1,1,worker-reported-pid,0,NaN,0.05,59,18,506.86328125,407.16796875,656.55078125,520.60546875,736.421875,593.1875,736.421875,593.1875,736.421875,593.1875,736.421875,593.1875,79.87109375,72.58203125,229.55859375,186.01953125,1,OK,0.5464868,0.497513199999997,1.062813,0,0,11630,1020,
10,15,time,6,Optimal,0,Successfully solved (Successfully solved (INTLINPROG)),23732,31476,0,1,1,worker-reported-pid,0,NaN,0.05,65,16,507.3515625,405.0078125,656.33984375,521.09765625,736.0234375,593.9765625,736.0234375,593.9765625,736.0234375,593.9765625,736.0234375,593.9765625,79.68359375,72.87890625,228.671875,188.96875,1,OK,0.5452299,0.475770099999999,1.0354613,0,0,11630,1020,
10,15,time,7,Optimal,0,Successfully solved (Successfully solved (INTLINPROG)),26932,14836,0,1,1,worker-reported-pid,0,NaN,0.05,66,17,508.2734375,412.41796875,657.19921875,521.27734375,736.8671875,594.0078125,736.8671875,594.0078125,736.8671875,594.0078125,736.8671875,594.0078125,79.66796875,72.73046875,228.59375,181.58984375,1,OK,0.5457704,0.478229600000001,1.0370077,0,0,11630,1020,
10,15,time,8,Optimal,0,Successfully solved (Successfully solved (INTLINPROG)),4040,31852,0,1,1,worker-reported-pid,0,NaN,0.05,66,17,506.96875,410.19140625,655.70703125,519.59765625,734.51171875,591.65625,734.51171875,591.65625,734.51171875,591.65625,734.51171875,591.65625,78.8046875,72.05859375,227.54296875,181.46484375,1,OK,0.5541671,0.481832899999994,1.0512996,0,0,11630,1020,
10,15,time,9,Optimal,0,Successfully solved (Successfully solved (INTLINPROG)),6536,33124,0,1,1,worker-reported-pid,0,NaN,0.05,63,16,507.57421875,409.046875,656.5859375,520.8125,738.1640625,595.609375,738.1640625,595.609375,738.1640625,595.609375,738.1640625,595.609375,81.578125,74.796875,230.58984375,186.5625,1,OK,0.5317248,0.454275200000004,0.9994534,0,0,11630,1020,
10,15,time,10,Optimal,0,Successfully solved (Successfully solved (INTLINPROG)),484,1304,0,1,1,worker-reported-pid,0,NaN,0.05,69,17,507.96484375,408.609375,655.7890625,520.125,735.87109375,593.83203125,735.87109375,593.83203125,735.87109375,593.83203125,735.87109375,593.83203125,80.08203125,73.70703125,227.90625,185.22265625,1,OK,0.5558798,0.486120200000002,1.0576503,0,0,11630,1020,
10,15,time,11,Optimal,0,Successfully solved (Successfully solved (INTLINPROG)),25524,32320,0,1,1,worker-reported-pid,0,NaN,0.05,145,38,504.203125,402.50390625,655.7421875,520.04296875,734.73046875,592.32421875,734.73046875,592.32421875,734.73046875,592.32421875,734.73046875,592.32421875,78.98828125,72.28125,230.52734375,189.8203125,1,OK,0.9696727,1.3453273,2.3479886,0,0,11630,1020,
10,15,time,12,Optimal,0,Successfully solved (Successfully solved (INTLINPROG)),26376,27228,0,1,1,worker-reported-pid,0,NaN,0.05,146,38,507.59765625,410.71484375,655.49609375,519.6796875,733.61328125,590.96484375,733.61328125,590.96484375,733.61328125,590.96484375,733.61328125,590.96484375,78.1171875,71.28515625,226.015625,180.25,1,OK,0.9785925,1.3794075,2.3873335,0,0,11630,1020,
10,15,time,13,Optimal,0,Successfully solved (Successfully solved (INTLINPROG)),10328,23784,0,1,1,worker-reported-pid,0,NaN,0.05,138,38,508.5859375,409.96484375,656.21875,520.875,736.16015625,593.83203125,736.16015625,593.83203125,736.16015625,593.83203125,736.16015625,593.83203125,79.94140625,72.95703125,227.57421875,183.8671875,1,OK,0.9973646,1.3616354,2.388059,0,0,11630,1020,
10,15,time,14,Optimal,0,Successfully solved (Successfully solved (INTLINPROG)),28608,31144,0,1,1,worker-reported-pid,0,NaN,0.05,143,37,506.53125,404.54296875,657.89453125,522.05078125,735.61328125,593.1796875,735.61328125,593.1796875,735.61328125,593.1796875,735.61328125,593.1796875,77.71875,71.12890625,229.08203125,188.63671875,1,OK,0.951758,1.331242,2.3102529,0,0,11630,1020,
10,15,time,15,Optimal,0,Successfully solved (Successfully solved (INTLINPROG)),34776,8852,0,1,1,worker-reported-pid,0,NaN,0.05,69,17,508.4453125,413.1328125,658.2734375,522.25,739.20703125,596.4921875,739.20703125,596.4921875,739.20703125,596.4921875,739.20703125,596.4921875,80.93359375,74.2421875,230.76171875,183.359375,1,OK,0.5586881,0.497311900000001,1.0717776,0,0,11630,1020,
10,15,time,16,Optimal,0,Successfully solved (Successfully solved (INTLINPROG)),28644,1096,0,1,1,worker-reported-pid,0,NaN,0.05,68,16,508.5390625,409.08984375,657.75390625,521.515625,736.84765625,593.95703125,736.84765625,593.95703125,736.84765625,593.95703125,736.84765625,593.95703125,79.09375,72.44140625,228.30859375,184.8671875,1,OK,0.5436362,0.4773638,1.0339682,0,0,11630,1020,
10,15,time,17,Optimal,0,Successfully solved (Successfully solved (INTLINPROG)),30376,28552,0,1,1,worker-reported-pid,0,NaN,0.05,133,37,508.734375,409.05859375,657.796875,521.12109375,736.015625,592.73828125,736.015625,592.73828125,736.015625,592.73828125,736.015625,592.73828125,78.21875,71.6171875,227.28125,183.6796875,1,OK,0.9175878,1.3404122,2.284807,0,0,11630,1020,
10,15,time,18,Optimal,0,Successfully solved (Successfully solved (INTLINPROG)),23740,9376,0,1,1,worker-reported-pid,0,NaN,0.05,145,38,506.71875,404.921875,656.56640625,520.8671875,734.9921875,592.04296875,734.9921875,592.04296875,734.9921875,592.04296875,734.9921875,592.04296875,78.42578125,71.17578125,228.2734375,187.12109375,1,OK,0.9407887,1.3632113,2.3323686,0,0,11630,1020,
10,15,time,19,Optimal,0,Successfully solved (Successfully solved (INTLINPROG)),28308,6720,0,1,1,worker-reported-pid,0,NaN,0.05,147,34,506.05859375,407.55078125,658.203125,522.2890625,734.8984375,592.34765625,734.8984375,592.34765625,734.8984375,592.34765625,734.8984375,592.34765625,76.6953125,70.05859375,228.83984375,184.796875,1,OK,0.7745885,1.3444115,2.1433267,0,0,11630,1020,
10,15,time,20,Optimal,0,Successfully solved (Successfully solved (INTLINPROG)),34284,33932,0,1,1,worker-reported-pid,0,NaN,0.05,142,38,506.671875,404.75,655.90234375,519.6015625,735.33203125,592.453125,735.33203125,592.453125,735.33203125,592.453125,735.33203125,592.453125,79.4296875,72.8515625,228.66015625,187.703125,1,OK,0.9349451,1.4320549,2.3949661,0,0,11630,1020,
11,17,cost,1,Optimal,0,Successfully solved (Successfully solved (INTLINPROG)),16696,4748,0,1,1,worker-reported-pid,0,NaN,0.05,151,49,507.3046875,409.3203125,658.46484375,521.2109375,739.25,594.84765625,739.25,594.84765625,739.25,594.84765625,739.25,594.84765625,80.78515625,73.63671875,231.9453125,185.52734375,1,OK,1.5829769,1.4190231,3.0317151,0,0,13860,1122,
11,17,cost,2,Optimal,0,Successfully solved (Successfully solved (INTLINPROG)),31728,12960,0,1,1,worker-reported-pid,0,NaN,0.05,75,23,505.99609375,406.28125,658.609375,521.74609375,737.99609375,593.63671875,737.99609375,593.63671875,737.99609375,593.63671875,737.99609375,593.63671875,79.38671875,71.890625,232,187.35546875,1,OK,0.9474569,0.496543100000003,1.4604101,0,0,13860,1122,
11,17,cost,3,Optimal,0,Successfully solved (Successfully solved (INTLINPROG)),31012,17572,0,1,1,worker-reported-pid,0,NaN,0.05,118,44,505.4609375,407.51953125,660.296875,523.05859375,739.203125,595.75,739.203125,595.75,739.203125,595.75,739.203125,595.75,78.90625,72.69140625,233.7421875,188.23046875,1,OK,1.1820804,1.5229196,2.7313131,0,0,13860,1122,
11,17,cost,4,Optimal,0,Successfully solved (Successfully solved (INTLINPROG)),24016,31992,0,1,1,worker-reported-pid,0,NaN,0.05,85,27,507.98046875,409.140625,661.35546875,523.88671875,741.421875,596.65234375,741.421875,596.65234375,741.421875,596.65234375,741.421875,596.65234375,80.06640625,72.765625,233.44140625,187.51171875,1,OK,1.034496,0.585503999999997,1.6361599,0,0,13860,1122,
11,17,cost,5,Optimal,0,Successfully solved (Successfully solved (INTLINPROG)),31036,28924,0,1,1,worker-reported-pid,0,NaN,0.05,87,26,509.1875,412.16015625,660.4296875,523.1953125,740.8046875,597.71875,740.8046875,597.71875,740.8046875,597.71875,740.8046875,597.71875,80.375,74.5234375,231.6171875,185.55859375,1,OK,1.0023098,0.600690200000002,1.6247308,0,0,13860,1122,
11,17,cost,6,Optimal,0,Successfully solved (Successfully solved (INTLINPROG)),33504,24740,0,1,1,worker-reported-pid,0,NaN,0.05,77,23,508.0703125,408.4765625,660.9453125,523.8515625,739.96484375,596.921875,739.96484375,596.921875,739.96484375,596.921875,739.96484375,596.921875,79.01953125,73.0703125,231.89453125,188.4453125,1,OK,0.9620405,0.509959500000001,1.4876594,0,0,13860,1122,
11,17,cost,7,Optimal,0,Successfully solved (Successfully solved (INTLINPROG)),33096,29560,0,1,1,worker-reported-pid,0,NaN,0.05,77,23,508.34765625,410.16796875,661.03125,523.78515625,739.87109375,595.40625,739.87109375,595.40625,739.87109375,595.40625,739.87109375,595.40625,78.83984375,71.62109375,231.5234375,185.23828125,1,OK,0.9468882,0.510111800000001,1.4730796,0,0,13860,1122,
11,17,cost,8,Optimal,0,Successfully solved (Successfully solved (INTLINPROG)),2660,20352,0,1,1,worker-reported-pid,0,NaN,0.05,78,25,508.515625,408.1328125,660.22265625,522.828125,740.6328125,596.51953125,740.6328125,596.51953125,740.6328125,596.51953125,740.6328125,596.51953125,80.41015625,73.69140625,232.1171875,188.38671875,1,OK,0.9883309,0.524669099999998,1.5295335,0,0,13860,1122,
11,17,cost,9,Optimal,0,Successfully solved (Successfully solved (INTLINPROG)),26684,32092,0,1,1,worker-reported-pid,0,NaN,0.05,74,23,506.9140625,408.1015625,658.65625,521.47265625,738.6484375,594.234375,738.6484375,594.234375,738.6484375,594.234375,738.6484375,594.234375,79.9921875,72.76171875,231.734375,186.1328125,1,OK,0.9252362,0.490763799999999,1.4300624,0,0,13860,1122,
11,17,cost,10,Optimal,0,Successfully solved (Successfully solved (INTLINPROG)),33108,15648,0,1,1,worker-reported-pid,0,NaN,0.05,88,25,508.05859375,409.19140625,660.47265625,522.8359375,740.68359375,597.4609375,740.68359375,597.4609375,740.68359375,597.4609375,740.68359375,597.4609375,80.2109375,74.625,232.625,188.26953125,1,OK,0.996439,0.585561000000001,1.5983925,0,0,13860,1122,
11,17,cost,11,Optimal,0,Successfully solved (Successfully solved (INTLINPROG)),27372,31772,0,1,1,worker-reported-pid,0,NaN,0.05,166,51,507.92578125,408.7734375,658.71875,521.5390625,739.12890625,596.50390625,739.12890625,596.50390625,739.12890625,596.50390625,739.12890625,596.50390625,80.41015625,74.96484375,231.203125,187.73046875,1,OK,1.6814674,1.4835326,3.1919543,0,0,13860,1122,
11,17,cost,12,Optimal,0,Successfully solved (Successfully solved (INTLINPROG)),15556,11764,0,1,1,worker-reported-pid,0,NaN,0.05,171,51,504.1875,403.9296875,656.51953125,519.9375,736.29296875,592.92578125,736.29296875,592.92578125,736.29296875,592.92578125,736.29296875,592.92578125,79.7734375,72.98828125,232.10546875,188.99609375,1,OK,1.6773244,1.4726756,3.1765177,0,0,13860,1122,
11,17,cost,13,Optimal,0,Successfully solved (Successfully solved (INTLINPROG)),33292,33280,0,1,1,worker-reported-pid,0,NaN,0.05,169,51,504.7890625,399.96875,658.59375,521.64453125,739.82421875,596.1640625,739.82421875,596.1640625,739.82421875,596.1640625,739.82421875,596.1640625,81.23046875,74.51953125,235.03515625,196.1953125,1,OK,1.6658085,1.4701915,3.162471,0,0,13860,1122,
11,17,cost,14,Optimal,0,Successfully solved (Successfully solved (INTLINPROG)),21956,25048,0,1,1,worker-reported-pid,0,NaN,0.05,166,50,507.22265625,407.28125,659.640625,522.15234375,739.109375,596.4140625,739.109375,596.4140625,739.109375,596.4140625,739.109375,596.4140625,79.46875,74.26171875,231.88671875,189.1328125,1,OK,1.6458381,1.4621619,3.1339168,0,0,13860,1122,
11,17,cost,15,Optimal,0,Successfully solved (Successfully solved (INTLINPROG)),4408,24624,0,1,1,worker-reported-pid,0,NaN,0.05,79,24,506.5859375,406.01953125,661.65234375,524.1796875,741.19921875,596.2109375,741.19921875,596.2109375,741.19921875,596.2109375,741.19921875,596.2109375,79.546875,72.03125,234.61328125,190.19140625,1,OK,0.9595676,0.511432400000004,1.4875937,0,0,13860,1122,
11,17,cost,16,Optimal,0,Successfully solved (Successfully solved (INTLINPROG)),29208,26800,0,1,1,worker-reported-pid,0,NaN,0.05,78,24,507.48046875,406.3046875,660.953125,523.73828125,740.10546875,595.71875,740.10546875,595.71875,740.10546875,595.71875,740.10546875,595.71875,79.15234375,71.98046875,232.625,189.4140625,1,OK,0.9532251,0.512774900000001,1.480597,0,0,13860,1122,
11,17,cost,17,Optimal,0,Successfully solved (Successfully solved (INTLINPROG)),33928,12968,0,1,1,worker-reported-pid,0,NaN,0.05,151,50,507.9921875,409.5859375,660.1953125,523.6015625,739.4296875,596.86328125,739.4296875,596.86328125,739.4296875,596.86328125,739.4296875,596.86328125,79.234375,73.26171875,231.4375,187.27734375,1,OK,1.5999045,1.4730955,3.0986826,0,0,13860,1122,
11,17,cost,18,Optimal,0,Successfully solved (Successfully solved (INTLINPROG)),3584,32760,0,1,1,worker-reported-pid,0,NaN,0.05,177,52,510.359375,415.30859375,661.81640625,524.328125,739.5546875,596.0078125,739.5546875,596.0078125,739.5546875,596.0078125,739.5546875,596.0078125,77.73828125,71.6796875,229.1953125,180.69921875,1,OK,1.6457778,1.5242222,3.1968804,0,0,13860,1122,
11,17,cost,19,Optimal,0,Successfully solved (Successfully solved (INTLINPROG)),33032,14260,0,1,1,worker-reported-pid,0,NaN,0.05,89,26,506.65625,406.58984375,660.46875,522.90625,740.08203125,595.484375,740.08203125,595.484375,740.08203125,595.484375,740.08203125,595.484375,79.61328125,72.578125,233.42578125,188.89453125,1,OK,0.9924058,0.616594200000002,1.6269769,0,0,13860,1122,
11,17,cost,20,Optimal,0,Successfully solved (Successfully solved (INTLINPROG)),23972,32420,0,1,1,worker-reported-pid,0,NaN,0.05,180,52,509.06640625,409.19921875,659.52734375,522.69921875,738.98828125,596.3203125,738.98828125,596.3203125,738.98828125,596.3203125,738.98828125,596.3203125,79.4609375,73.62109375,229.921875,187.12109375,1,OK,1.7019702,1.4890298,3.2204212,0,0,13860,1122,
11,17,distance,1,Optimal,0,Successfully solved (Successfully solved (INTLINPROG)),10224,31488,0,1,1,worker-reported-pid,0,NaN,0.05,165,33,506.57421875,407.19140625,659.0703125,521.421875,738.296875,593.78125,738.296875,593.78125,738.296875,593.78125,738.296875,593.78125,79.2265625,72.359375,231.72265625,186.58984375,1,OK,0.6117374,1.3762626,2.0142793,0,0,13860,1122,
11,17,distance,2,Optimal,0,Successfully solved (Successfully solved (INTLINPROG)),32404,30660,0,1,1,worker-reported-pid,0,NaN,0.05,68,14,506.078125,397.3046875,656.77734375,523.83203125,736.1875,597.83984375,736.1875,597.83984375,736.1875,597.83984375,736.1875,597.83984375,79.41015625,74.0078125,230.109375,200.53515625,1,OK,0.3351284,0.517871599999994,0.8664476,0,0,13860,1122,
11,17,distance,3,Optimal,0,Successfully solved (Successfully solved (INTLINPROG)),33132,6876,0,1,1,worker-reported-pid,0,NaN,0.05,131,34,506.171875,409.4453125,656.640625,520.12890625,738.71484375,595.27734375,738.71484375,595.27734375,738.71484375,595.27734375,738.71484375,595.27734375,82.07421875,75.1484375,232.54296875,185.83203125,1,OK,0.5970264,1.4879736,2.1107935,0,0,13860,1122,
11,17,distance,4,Optimal,0,Successfully solved (Successfully solved (INTLINPROG)),23920,32360,0,1,1,worker-reported-pid,0,NaN,0.05,71,14,505.86328125,406.5703125,657.46484375,519.96875,737.546875,593.83984375,737.546875,593.83984375,737.546875,593.83984375,737.546875,593.83984375,80.08203125,73.87109375,231.68359375,187.26953125,1,OK,0.3454681,0.512531900000004,0.8720319,0,0,13860,1122,
11,17,distance,5,Optimal,0,Successfully solved (Successfully solved (INTLINPROG)),27532,32944,0,1,1,worker-reported-pid,0,NaN,0.05,70,15,511.4765625,414.359375,662.63671875,525.5,741.6953125,598.8828125,741.6953125,598.8828125,741.6953125,598.8828125,741.6953125,598.8828125,79.05859375,73.3828125,230.21875,184.5234375,1,OK,0.3789362,0.529063800000001,0.9230082,0,0,13860,1122,
11,17,distance,6,Optimal,0,Successfully solved (Successfully solved (INTLINPROG)),21804,24788,0,1,1,worker-reported-pid,0,NaN,0.05,68,14,507.125,408.82421875,660.4609375,523.17578125,741.484375,597.5234375,741.484375,597.5234375,741.484375,597.5234375,741.484375,597.5234375,81.0234375,74.34765625,234.359375,188.69921875,1,OK,0.3533098,0.514690199999999,0.8799732,0,0,13860,1122,
11,17,distance,7,Optimal,0,Successfully solved (Successfully solved (INTLINPROG)),31480,13060,0,1,1,worker-reported-pid,0,NaN,0.05,67,14,505.40234375,404.171875,659.71875,522.5859375,739.546875,595.453125,739.546875,595.453125,739.546875,595.453125,739.546875,595.453125,79.828125,72.8671875,234.14453125,191.28125,1,OK,0.3542018,0.5087982,0.8791008,0,0,13860,1122,
11,17,distance,8,Optimal,0,Successfully solved (Successfully solved (INTLINPROG)),33284,6108,0,1,1,worker-reported-pid,0,NaN,0.05,68,14,507.7734375,407.828125,661.2890625,523.59375,741.79296875,597.0859375,741.79296875,597.0859375,741.79296875,597.0859375,741.79296875,597.0859375,80.50390625,73.4921875,234.01953125,189.2578125,1,OK,0.3502797,0.517720300000002,0.8822604,0,0,13860,1122,
11,17,distance,9,Optimal,0,Successfully solved (Successfully solved (INTLINPROG)),33476,32944,0,1,1,worker-reported-pid,0,NaN,0.05,64,13,507.16796875,407.65625,660.08203125,522.09765625,740.53515625,595.57421875,740.53515625,595.57421875,740.53515625,595.57421875,740.53515625,595.57421875,80.453125,73.4765625,233.3671875,187.91796875,1,OK,0.3337822,0.4892178,0.8383812,0,0,13860,1122,
11,17,distance,10,Optimal,0,Successfully solved (Successfully solved (INTLINPROG)),2660,27380,0,1,1,worker-reported-pid,0,NaN,0.05,68,14,509.43359375,413.4453125,659.421875,521.99609375,739.4453125,595.8046875,739.4453125,595.8046875,739.4453125,595.8046875,739.4453125,595.8046875,80.0234375,73.80859375,230.01171875,182.359375,1,OK,0.3436561,0.507343900000001,0.8671701,0,0,13860,1122,
11,17,distance,11,Optimal,0,Successfully solved (Successfully solved (INTLINPROG)),32428,14800,0,1,1,worker-reported-pid,0,NaN,0.05,159,34,509.75,413.73046875,659.51953125,521.91796875,739.90234375,596.1796875,739.90234375,596.1796875,739.90234375,596.1796875,739.90234375,596.1796875,80.3828125,74.26171875,230.15234375,182.44921875,1,OK,0.6143445,1.4606555,2.1018434,0,0,13860,1122,
11,17,distance,12,Optimal,0,Successfully solved (Successfully solved (INTLINPROG)),31860,22836,0,1,1,worker-reported-pid,0,NaN,0.05,167,34,507.015625,407.22265625,659.625,522.41796875,738.51171875,594.36328125,738.51171875,594.36328125,738.51171875,594.36328125,738.51171875,594.36328125,78.88671875,71.9453125,231.49609375,187.140625,1,OK,0.6685703,1.4544297,2.1496386,0,0,13860,1122,
11,17,distance,13,Optimal,0,Successfully solved (Successfully solved (INTLINPROG)),7012,28552,0,1,1,worker-reported-pid,0,NaN,0.05,151,34,506.4375,406.7578125,662.05078125,524.60546875,740.375,596.1796875,740.375,596.1796875,740.375,596.1796875,740.375,596.1796875,78.32421875,71.57421875,233.9375,189.421875,1,OK,0.6330302,1.4799698,2.1397951,0,0,13860,1122,
11,17,distance,14,Optimal,0,Successfully solved (Successfully solved (INTLINPROG)),10644,5940,0,1,1,worker-reported-pid,0,NaN,0.05,157,34,506.734375,406.1953125,661,523.45703125,741.17578125,596.82421875,741.17578125,596.82421875,741.17578125,596.82421875,741.17578125,596.82421875,80.17578125,73.3671875,234.44140625,190.62890625,1,OK,0.6179655,1.4830345,2.1308443,0,0,13860,1122,
11,17,distance,15,Optimal,0,Successfully solved (Successfully solved (INTLINPROG)),34036,2952,0,1,1,worker-reported-pid,0,NaN,0.05,70,14,510.95703125,413.29296875,661.6015625,524.34375,742.5703125,598.3046875,742.5703125,598.3046875,742.5703125,598.3046875,742.5703125,598.3046875,80.96875,73.9609375,231.61328125,185.01171875,1,OK,0.3631191,0.516880899999995,0.8971345,0,0,13860,1122,
11,17,distance,16,Optimal,0,Successfully solved (Successfully solved (INTLINPROG)),32400,33420,0,1,1,worker-reported-pid,0,NaN,0.05,68,14,506.31640625,407.59375,658.1875,520.94140625,737.69921875,594.96484375,737.69921875,594.96484375,737.69921875,594.96484375,737.69921875,594.96484375,79.51171875,74.0234375,231.3828125,187.37109375,1,OK,0.3494659,0.510534099999999,0.8731351,0,0,13860,1122,
11,17,distance,17,Optimal,0,Successfully solved (Successfully solved (INTLINPROG)),22712,27128,0,1,1,worker-reported-pid,0,NaN,0.05,141,34,507.37109375,405.3671875,661.75,524.03125,741.83984375,596.6953125,741.83984375,596.6953125,741.83984375,596.6953125,741.83984375,596.6953125,80.08984375,72.6640625,234.46875,191.328125,1,OK,0.594133,1.463867,2.0844653,0,0,13860,1122,
11,17,distance,18,Optimal,0,Successfully solved (Successfully solved (INTLINPROG)),11784,10480,0,1,1,worker-reported-pid,0,NaN,0.05,176,34,507.1953125,405.44140625,659.16796875,521.47265625,739.2265625,594.234375,739.2265625,594.234375,739.2265625,594.234375,739.2265625,594.234375,80.05859375,72.76171875,232.03125,188.79296875,1,OK,0.6273726,1.4486274,2.1028837,0,0,13860,1122,
11,17,distance,19,Optimal,0,Successfully solved (Successfully solved (INTLINPROG)),18636,1976,0,1,1,worker-reported-pid,0,NaN,0.05,77,14,509.01171875,407.97265625,663.15234375,525.35546875,742.4921875,599.16796875,742.4921875,599.16796875,742.4921875,599.16796875,742.4921875,599.16796875,79.33984375,73.8125,233.48046875,191.1953125,1,OK,0.3501427,0.525857299999998,0.889463,0,0,13860,1122,
11,17,distance,20,Optimal,0,Successfully solved (Successfully solved (INTLINPROG)),30992,5328,0,1,1,worker-reported-pid,0,NaN,0.05,150,34,509.5390625,414.60546875,660.2890625,522.84375,740.625,596.52734375,740.625,596.52734375,740.625,596.52734375,740.625,596.52734375,80.3359375,73.68359375,231.0859375,181.921875,1,OK,0.642057,1.501943,2.1755442,0,0,13860,1122,
11,17,energy,1,Optimal,0,Successfully solved (Successfully solved (INTLINPROG)),15052,21444,0,1,1,worker-reported-pid,0,NaN,0.05,143,41,507.93359375,407.20703125,660.7109375,523.42578125,740.2578125,596.98046875,740.2578125,596.98046875,740.2578125,596.98046875,740.2578125,596.98046875,79.546875,73.5546875,232.32421875,189.7734375,1,OK,1.0683691,1.4346309,2.5291171,0,1.4210854715202e-14,13860,1122,
11,17,energy,2,Optimal,0,Successfully solved (Successfully solved (INTLINPROG)),28332,33340,0,1,1,worker-reported-pid,0,NaN,0.05,67,17,508.51171875,412.015625,658.50390625,521.69921875,739.6484375,595.59765625,739.6484375,595.59765625,739.6484375,595.59765625,739.6484375,595.59765625,81.14453125,73.8984375,231.13671875,183.58203125,1,OK,0.5561515,0.4638485,1.034635,0,1.4210854715202e-14,13860,1122,
11,17,energy,3,Optimal,0,Successfully solved (Successfully solved (INTLINPROG)),21496,33244,0,1,1,worker-reported-pid,0,NaN,0.05,75,18,506.54296875,406.8984375,657.1484375,520.2734375,737.83984375,595.39453125,737.83984375,595.39453125,737.83984375,595.39453125,737.83984375,595.39453125,80.69140625,75.12109375,231.296875,188.49609375,1,OK,0.6098786,0.5151214,1.1399655,0,1.4210854715202e-14,13860,1122,
11,17,energy,4,Optimal,0,Successfully solved (Successfully solved (INTLINPROG)),28052,32272,0,1,1,worker-reported-pid,0,NaN,0.05,151,42,504.46875,402.87890625,657.703125,520.87109375,736.359375,592.26171875,736.359375,592.26171875,736.359375,592.26171875,736.359375,592.26171875,78.65625,71.390625,231.890625,189.3828125,1,OK,1.0875831,1.4874169,2.6041154,0,1.4210854715202e-14,13860,1122,
11,17,energy,5,Optimal,0,Successfully solved (Successfully solved (INTLINPROG)),33648,25252,0,1,1,worker-reported-pid,0,NaN,0.05,80,20,509.8359375,410.3046875,660.203125,522.609375,740.30078125,597.5234375,740.30078125,597.5234375,740.30078125,597.5234375,740.30078125,597.5234375,80.09765625,74.9140625,230.46484375,187.21875,1,OK,0.6483122,0.545687800000001,1.2114303,0,1.4210854715202e-14,13860,1122,
11,17,energy,6,Optimal,0,Successfully solved (Successfully solved (INTLINPROG)),33380,8764,0,1,1,worker-reported-pid,0,NaN,0.05,72,18,509.109375,411.640625,661.98828125,524.44921875,741.98046875,596.95703125,741.98046875,596.95703125,741.98046875,596.95703125,741.98046875,596.95703125,79.9921875,72.5078125,232.87109375,185.31640625,1,OK,0.6019695,0.509030500000004,1.126026,0,1.4210854715202e-14,13860,1122,
11,17,energy,7,Optimal,0,Successfully solved (Successfully solved (INTLINPROG)),20844,6436,0,1,1,worker-reported-pid,0,NaN,0.05,73,18,508.63671875,411.3984375,660.94921875,523.55078125,739.95703125,595.76953125,739.95703125,595.76953125,739.95703125,595.76953125,739.95703125,595.76953125,79.0078125,72.21875,231.3203125,184.37109375,1,OK,0.5925352,0.5204648,1.1282916,0,1.4210854715202e-14,13860,1122,
11,17,energy,8,Optimal,0,Successfully solved (Successfully solved (INTLINPROG)),32996,33740,0,1,1,worker-reported-pid,0,NaN,0.05,71,18,507.51171875,409.67578125,658.21875,520.87109375,739.62109375,596.546875,739.62109375,596.546875,739.62109375,596.546875,739.62109375,596.546875,81.40234375,75.67578125,232.109375,186.87109375,1,OK,0.5940276,0.5119724,1.1220517,0,1.4210854715202e-14,13860,1122,
11,17,energy,9,Optimal,0,Successfully solved (Successfully solved (INTLINPROG)),30640,21724,0,1,1,worker-reported-pid,0,NaN,0.05,68,17,511.4140625,414.0078125,661.58984375,524.359375,741.84375,599.015625,741.84375,599.015625,741.84375,599.015625,741.84375,599.015625,80.25390625,74.65625,230.4296875,185.0078125,1,OK,0.5758857,0.482114300000003,1.0718647,0,1.4210854715202e-14,13860,1122,
11,17,energy,10,Optimal,0,Successfully solved (Successfully solved (INTLINPROG)),25900,9244,0,1,1,worker-reported-pid,0,NaN,0.05,97,23,509.6875,411.6171875,658.9375,521.703125,739.33984375,595.22265625,739.33984375,595.22265625,739.33984375,595.22265625,739.33984375,595.22265625,80.40234375,73.51953125,229.65234375,183.60546875,1,OK,0.7158492,0.722150800000002,1.4590086,0,1.4210854715202e-14,13860,1122,
11,17,energy,11,Optimal,0,Successfully solved (Successfully solved (INTLINPROG)),27632,32212,0,1,1,worker-reported-pid,0,NaN,0.05,157,41,507.2109375,407.0703125,658.99609375,521.9453125,738.296875,595.64453125,738.296875,595.64453125,738.296875,595.64453125,738.296875,595.64453125,79.30078125,73.69921875,231.0859375,188.57421875,1,OK,1.0344675,1.4695325,2.5326398,0,1.4210854715202e-14,13860,1122,
11,17,energy,12,Optimal,0,Successfully solved (Successfully solved (INTLINPROG)),5064,6680,0,1,1,worker-reported-pid,0,NaN,0.05,154,41,505.890625,402.78515625,659.98828125,522.6171875,738.890625,594.921875,738.890625,594.921875,738.890625,594.921875,738.890625,594.921875,78.90234375,72.3046875,233,192.13671875,1,OK,1.0390304,1.4619696,2.531501,0,1.4210854715202e-14,13860,1122,
11,17,energy,13,Optimal,0,Successfully solved (Successfully solved (INTLINPROG)),580,7164,0,1,1,worker-reported-pid,0,NaN,0.05,167,42,507.44140625,406.8359375,660.8828125,523.5546875,738.58984375,594.49609375,738.58984375,594.49609375,738.58984375,594.49609375,738.58984375,594.49609375,77.70703125,70.94140625,231.1484375,187.66015625,1,OK,1.0652282,1.5237718,2.617426,0,1.4210854715202e-14,13860,1122,
11,17,energy,14,Optimal,0,Successfully solved (Successfully solved (INTLINPROG)),24296,5392,0,1,1,worker-reported-pid,0,NaN,0.05,159,42,506.95703125,405.07421875,659.41015625,521.9609375,739.91015625,597.26953125,739.91015625,597.26953125,739.91015625,597.26953125,739.91015625,597.26953125,80.5,75.30859375,232.953125,192.1953125,1,OK,1.0632276,1.4987724,2.5880198,0,1.4210854715202e-14,13860,1122,
11,17,energy,15,Optimal,0,Successfully solved (Successfully solved (INTLINPROG)),30424,6408,0,1,1,worker-reported-pid,0,NaN,0.05,160,40,508.1796875,409.2421875,659.9765625,522.83984375,738.90234375,594.7265625,738.90234375,594.7265625,738.90234375,594.7265625,738.90234375,594.7265625,78.92578125,71.88671875,230.72265625,185.484375,1,OK,1.0433342,1.4426658,2.513388,0,1.4210854715202e-14,13860,1122,
11,17,energy,16,Optimal,0,Successfully solved (Successfully solved (INTLINPROG)),11756,27220,0,1,1,worker-reported-pid,0,NaN,0.05,77,20,509.76171875,412.625,660.7109375,523.734375,741.87890625,597.65234375,741.87890625,597.65234375,741.87890625,597.65234375,741.87890625,597.65234375,81.16796875,73.91796875,232.1171875,185.02734375,1,OK,0.6152417,0.553758299999997,1.1898924,0,1.4210854715202e-14,13860,1122,
11,17,energy,17,Optimal,0,Successfully solved (Successfully solved (INTLINPROG)),34808,12440,0,1,1,worker-reported-pid,0,NaN,0.05,158,41,508.546875,409.3671875,660.3359375,522.77734375,739.03515625,595.98046875,739.03515625,595.98046875,739.03515625,595.98046875,739.03515625,595.98046875,78.69921875,73.203125,230.48828125,186.61328125,1,OK,1.0366017,1.48239830000001,2.5470094,0,1.4210854715202e-14,13860,1122,
11,17,energy,18,Optimal,0,Successfully solved (Successfully solved (INTLINPROG)),16060,33144,0,1,1,worker-reported-pid,0,NaN,0.05,186,42,507.9921875,408.82421875,660.13671875,522.23046875,737.31640625,593.75390625,737.31640625,593.75390625,737.31640625,593.75390625,737.31640625,593.75390625,77.1796875,71.5234375,229.32421875,184.9296875,1,OK,1.1076003,1.4373997,2.5798294,0,1.4210854715202e-14,13860,1122,
11,17,energy,19,Optimal,0,Successfully solved (Successfully solved (INTLINPROG)),3164,31136,0,1,1,worker-reported-pid,0,NaN,0.05,79,22,506.65625,406.50390625,661.4296875,523.7890625,743.71875,601.06640625,743.71875,601.06640625,743.71875,601.06640625,743.71875,601.06640625,82.2890625,77.27734375,237.0625,194.5625,1,OK,0.6629041,0.6390959,1.3205527,0,1.4210854715202e-14,13860,1122,
11,17,energy,20,Optimal,0,Successfully solved (Successfully solved (INTLINPROG)),16292,20240,0,1,1,worker-reported-pid,0,NaN,0.05,165,42,508.47265625,411.2734375,659.29296875,521.3984375,738.046875,593.7265625,738.046875,593.7265625,738.046875,593.7265625,738.046875,593.7265625,78.75390625,72.328125,229.57421875,182.453125,1,OK,1.0887672,1.5192328,2.6329333,0,1.4210854715202e-14,13860,1122,
11,17,time,1,Optimal,0,Successfully solved (Successfully solved (INTLINPROG)),17572,28432,0,1,1,worker-reported-pid,0,NaN,0.05,165,46,509.16796875,410.79296875,659.375,522.24609375,739.84375,598.37109375,739.84375,598.37109375,739.84375,598.37109375,739.84375,598.37109375,80.46875,76.125,230.67578125,187.578125,1,OK,1.414033,1.449967,2.8887515,0,0,13860,1122,
11,17,time,2,Optimal,0,Successfully solved (Successfully solved (INTLINPROG)),1036,33676,0,1,1,worker-reported-pid,0,NaN,0.05,71,21,507.546875,408.5,657.96875,520.98828125,739.33203125,595.56640625,739.33203125,595.56640625,739.33203125,595.56640625,739.33203125,595.56640625,81.36328125,74.578125,231.78515625,187.06640625,1,OK,0.7985274,0.462472600000003,1.2741555,0,0,13860,1122,
11,17,time,3,Optimal,0,Successfully solved (Successfully solved (INTLINPROG)),15924,31756,0,1,1,worker-reported-pid,0,NaN,0.05,79,23,508.17578125,411,659.640625,522.37890625,741.00390625,599.234375,741.00390625,599.234375,741.00390625,599.234375,741.00390625,599.234375,81.36328125,76.85546875,232.828125,188.234375,1,OK,0.871531,0.541469000000004,1.4264724,0,0,13860,1122,
11,17,time,4,Optimal,0,Successfully solved (Successfully solved (INTLINPROG)),2692,31752,0,1,1,worker-reported-pid,0,NaN,0.05,186,52,505.3125,404.5390625,657.21484375,520.21875,736.0078125,592.5078125,736.0078125,592.5078125,736.0078125,592.5078125,736.0078125,592.5078125,78.79296875,72.2890625,230.6953125,187.96875,1,OK,1.6469568,1.5490432,3.2210566,0,0,13860,1122,
11,17,time,5,Optimal,0,Successfully solved (Successfully solved (INTLINPROG)),23760,28520,0,1,1,worker-reported-pid,0,NaN,0.05,84,25,507.8515625,409.99609375,660.21875,522.8359375,741.2578125,597.10546875,741.2578125,597.10546875,741.2578125,597.10546875,741.2578125,597.10546875,81.0390625,74.26953125,233.40625,187.109375,1,OK,0.9375321,0.5934679,1.5474855,0,0,13860,1122,
11,17,time,6,Optimal,0,Successfully solved (Successfully solved (INTLINPROG)),12592,32496,0,1,1,worker-reported-pid,0,NaN,0.05,76,22,507.671875,406.2109375,661.27734375,524.19140625,741.60546875,597.78125,741.60546875,597.78125,741.60546875,597.78125,741.60546875,597.78125,80.328125,73.58984375,233.93359375,191.5703125,1,OK,0.8504198,0.505580199999995,1.3697801,0,0,13860,1122,
11,17,time,7,Optimal,0,Successfully solved (Successfully solved (INTLINPROG)),15800,28368,0,1,1,worker-reported-pid,0,NaN,0.05,75,22,505.18359375,402.03125,658.66796875,521.7421875,739.3203125,595.87109375,739.3203125,595.87109375,739.3203125,595.87109375,739.3203125,595.87109375,80.65234375,74.12890625,234.13671875,193.83984375,1,OK,0.8470168,0.506983199999999,1.368917,0,0,13860,1122,
11,17,time,8,Optimal,0,Successfully solved (Successfully solved (INTLINPROG)),4496,9292,0,1,1,worker-reported-pid,0,NaN,0.05,77,22,508.87109375,409.78125,659.63671875,521.92578125,740.66796875,596.46484375,740.66796875,596.46484375,740.66796875,596.46484375,740.66796875,596.46484375,81.03125,74.5390625,231.796875,186.68359375,1,OK,0.8564943,0.5115057,1.3839326,0,0,13860,1122,
11,17,time,9,Optimal,0,Successfully solved (Successfully solved (INTLINPROG)),29892,19308,0,1,1,worker-reported-pid,0,NaN,0.05,72,21,505.9765625,409.3203125,658.79296875,521.6171875,740.18359375,596.44140625,740.18359375,596.44140625,740.18359375,596.44140625,740.18359375,596.44140625,81.390625,74.82421875,234.20703125,187.12109375,1,OK,0.8250216,0.4889784,1.3294349,0,0,13860,1122,
11,17,time,10,Optimal,0,Successfully solved (Successfully solved (INTLINPROG)),20032,24688,0,1,1,worker-reported-pid,0,NaN,0.05,86,26,507.87890625,406.37890625,662.87890625,525.6328125,743.046875,598.83203125,743.046875,598.83203125,743.046875,598.83203125,743.046875,598.83203125,80.16796875,73.19921875,235.16796875,192.453125,1,OK,0.9325527,0.659447299999999,1.6111338,0,0,13860,1122,
11,17,time,11,Optimal,0,Successfully solved (Successfully solved (INTLINPROG)),15976,10708,0,1,1,worker-reported-pid,0,NaN,0.05,160,47,507.34765625,406.41015625,661.76171875,524.66796875,742.12109375,599.25390625,742.12109375,599.25390625,742.12109375,599.25390625,742.12109375,599.25390625,80.359375,74.5859375,234.7734375,192.84375,1,OK,1.4446796,1.4583204,2.9307378,0,0,13860,1122,
11,17,time,12,Optimal,0,Successfully solved (Successfully solved (INTLINPROG)),31460,27080,0,1,1,worker-reported-pid,0,NaN,0.05,159,46,508.79296875,411.5,662.05859375,524.7421875,741.53515625,597.59375,741.53515625,597.59375,741.53515625,597.59375,741.53515625,597.59375,79.4765625,72.8515625,232.7421875,186.09375,1,OK,1.4308467,1.4601533,2.9151378,0,0,13860,1122,
11,17,time,13,Optimal,0,Successfully solved (Successfully solved (INTLINPROG)),34136,34192,0,1,1,worker-reported-pid,0,NaN,0.05,166,47,505.796875,400.5859375,660.69140625,523.44921875,739.91015625,596.29296875,739.91015625,596.29296875,739.91015625,596.29296875,739.91015625,596.29296875,79.21875,72.84375,234.11328125,195.70703125,1,OK,1.4399196,1.4920804,2.958434,0,0,13860,1122,
11,17,time,14,Optimal,0,Successfully solved (Successfully solved (INTLINPROG)),18384,33984,0,1,1,worker-reported-pid,0,NaN,0.05,170,49,508.16796875,410.9453125,661.4921875,524.234375,741.98828125,598.40625,741.98828125,598.40625,741.98828125,598.40625,741.98828125,598.40625,80.49609375,74.171875,233.8203125,187.4609375,1,OK,1.5096518,1.4893482,3.0277843,0,0,13860,1122,
11,17,time,15,Optimal,0,Successfully solved (Successfully solved (INTLINPROG)),21956,20348,0,1,1,worker-reported-pid,0,NaN,0.05,183,48,507.2734375,408.24609375,660.8359375,523.4140625,739.9375,595.953125,739.9375,595.953125,739.9375,595.953125,739.9375,595.953125,79.1015625,72.5390625,232.6640625,187.70703125,1,OK,1.4579319,1.4610681,2.9506236,0,0,13860,1122,
11,17,time,16,Optimal,0,Successfully solved (Successfully solved (INTLINPROG)),19488,34752,0,1,1,worker-reported-pid,0,NaN,0.05,76,22,509.59765625,409.36328125,661.55078125,524.078125,742.30859375,598.56640625,742.30859375,598.56640625,742.30859375,598.56640625,742.30859375,598.56640625,80.7578125,74.48828125,232.7109375,189.203125,1,OK,0.8560546,0.508945400000002,1.3792873,0,0,13860,1122,
11,17,time,17,Optimal,0,Successfully solved (Successfully solved (INTLINPROG)),2920,1036,0,1,1,worker-reported-pid,3,NaN,0.05,168,46,507.25390625,405.9296875,660.6171875,523.94140625,740.40234375,598.59375,740.40234375,598.59375,740.40234375,598.59375,740.40234375,598.59375,79.78515625,74.65234375,233.1484375,192.6640625,1,OK,1.4477036,1.4592964,2.9336435,0,0,13860,1122,
11,17,time,18,Optimal,0,Successfully solved (Successfully solved (INTLINPROG)),25200,34756,0,1,1,worker-reported-pid,0,NaN,0.05,174,48,509.4765625,412.359375,660.30078125,523.28515625,740.83984375,597.12109375,740.83984375,597.12109375,740.83984375,597.12109375,740.83984375,597.12109375,80.5390625,73.8359375,231.36328125,184.76171875,1,OK,1.4862228,1.4837772,2.9991193,0,0,13860,1122,
11,17,time,19,Optimal,0,Successfully solved (Successfully solved (INTLINPROG)),6916,32348,0,1,1,worker-reported-pid,0,NaN,0.05,78,22,510.96484375,411.2265625,661.8515625,524.41015625,742.9296875,599.14453125,742.9296875,599.14453125,742.9296875,599.14453125,742.9296875,599.14453125,81.078125,74.734375,231.96484375,187.91796875,1,OK,0.8656186,0.5153814,1.3956936,0,0,13860,1122,
11,17,time,20,Optimal,0,Successfully solved (Successfully solved (INTLINPROG)),34544,8356,0,1,1,worker-reported-pid,0,NaN,0.05,163,48,507.99609375,407.94921875,660.08984375,523.0390625,740.5234375,596.91015625,740.5234375,596.91015625,740.5234375,596.91015625,740.5234375,596.91015625,80.43359375,73.87109375,232.52734375,188.9609375,1,OK,1.4606656,1.50233439999999,2.9875222,0,0,13860,1122,
12,22,cost,1,Optimal,0,Successfully solved (Successfully solved (INTLINPROG)),10760,12252,0,1,1,worker-reported-pid,0,NaN,0.05,186,75,509,411.625,663.46875,525.23046875,761.76171875,618.69140625,761.76171875,618.69140625,761.76171875,618.69140625,761.76171875,618.69140625,98.29296875,93.4609375,252.76171875,207.06640625,1,OK,3.1151466,1.5368534,4.6769684,0,0,16284,1224,
12,22,cost,2,Optimal,0,Successfully solved (Successfully solved (INTLINPROG)),26784,11948,0,1,1,worker-reported-pid,0,NaN,0.05,89,36,505.72265625,408.1171875,658.6484375,520.83203125,759.03515625,616.38671875,759.03515625,616.38671875,759.03515625,616.38671875,759.03515625,616.38671875,100.38671875,95.5546875,253.3125,208.26953125,1,OK,1.7410793,0.4859207,2.2398604,0,0,16284,1224,
12,22,cost,3,Optimal,0,Successfully solved (Successfully solved (INTLINPROG)),26588,33092,0,1,1,worker-reported-pid,0,NaN,0.05,99,39,505.078125,405.4453125,662.71875,523.921875,760.26171875,616.8125,760.26171875,616.8125,760.26171875,616.8125,760.26171875,616.8125,97.54296875,92.890625,255.18359375,211.3671875,1,OK,1.8994371,0.553562899999996,2.4665035,0,0,16284,1224,
12,22,cost,4,Optimal,0,Successfully solved (Successfully solved (INTLINPROG)),32804,30608,0,1,1,worker-reported-pid,0,NaN,0.05,102,41,506.08984375,403.859375,664.3984375,525.81640625,762.91796875,619.5859375,762.91796875,619.5859375,762.91796875,619.5859375,762.91796875,619.5859375,98.51953125,93.76953125,256.828125,215.7265625,1,OK,1.9474708,0.623529199999998,2.5850981,0,0,16284,1224,
12,22,cost,5,Optimal,0,Successfully solved (Successfully solved (INTLINPROG)),33148,29100,0,1,1,worker-reported-pid,0,NaN,0.05,104,39,506.0625,406.30078125,662.3125,523.62890625,761.12109375,617.5390625,761.12109375,617.5390625,761.12109375,617.5390625,761.12109375,617.5390625,98.80859375,93.91015625,255.05859375,211.23828125,1,OK,1.8774676,0.5585324,2.4527817,0,0,16284,1224,
12,22,cost,6,Optimal,0,Successfully solved (Successfully solved (INTLINPROG)),28472,23280,0,1,1,worker-reported-pid,0,NaN,0.05,95,38,508.31640625,409.05859375,663.4609375,524.90625,760.625,617.22265625,760.625,617.22265625,760.625,617.22265625,760.625,617.22265625,97.1640625,92.31640625,252.30859375,208.1640625,1,OK,1.8578628,0.5341372,2.4057211,0,0,16284,1224,
12,22,cost,7,Optimal,0,Successfully solved (Successfully solved (INTLINPROG)),14544,3596,0,1,1,worker-reported-pid,0,NaN,0.05,96,39,508.1640625,408.046875,662.62890625,524.0234375,762.15625,618.8046875,762.15625,618.8046875,762.15625,618.8046875,762.15625,618.8046875,99.52734375,94.78125,253.9921875,210.7578125,1,OK,1.8508667,0.538133299999999,2.4026901,0,0,16284,1224,
12,22,cost,8,Optimal,0,Successfully solved (Successfully solved (INTLINPROG)),23576,8820,0,1,1,worker-reported-pid,0,NaN,0.05,98,41,505.71484375,406.6953125,662.296875,523.9609375,759.3203125,616.20703125,759.3203125,616.20703125,759.3203125,616.20703125,759.3203125,616.20703125,97.0234375,92.24609375,253.60546875,209.51171875,1,OK,1.8963848,0.6036152,2.5140902,0,0,16284,1224,
12,22,cost,9,Optimal,0,Successfully solved (Successfully solved (INTLINPROG)),26632,29160,0,1,1,worker-reported-pid,0,NaN,0.05,91,37,511.16015625,416.265625,663.1953125,525.04296875,761.46484375,618.62890625,761.46484375,618.62890625,761.46484375,618.62890625,761.46484375,618.62890625,98.26953125,93.5859375,250.3046875,202.36328125,1,OK,1.8025626,0.503437400000005,2.3189249,0,0,16284,1224,
12,22,cost,10,Optimal,0,Successfully solved (Successfully solved (INTLINPROG)),32116,1776,0,1,1,worker-reported-pid,0,NaN,0.05,167,79,507.13671875,408.6328125,665.73046875,527.34375,763.1875,619.9765625,763.1875,619.9765625,763.1875,619.9765625,763.1875,619.9765625,97.45703125,92.6328125,256.05078125,211.34375,1,OK,3.2458564,1.6031436,4.8813515,0,0,16284,1224,
12,22,cost,11,Optimal,0,Successfully solved (Successfully solved (INTLINPROG)),4408,26288,0,1,1,worker-reported-pid,0,NaN,0.05,197,76,506.76171875,405.15625,662.58984375,524.29296875,760.35546875,619.41796875,760.35546875,619.41796875,760.35546875,619.41796875,760.35546875,619.41796875,97.765625,95.125,253.59375,214.26171875,1,OK,3.1620169,1.5369831,4.7308548,0,0,16284,1224,
12,22,cost,12,Optimal,0,Successfully solved (Successfully solved (INTLINPROG)),10480,27632,0,1,1,worker-reported-pid,0,NaN,0.05,201,77,508.76171875,408.2578125,663.796875,525.484375,759.78125,616.69921875,759.78125,616.69921875,759.78125,616.69921875,759.78125,616.69921875,95.984375,91.21484375,251.01953125,208.44140625,1,OK,3.1851531,1.6008469,4.8125578,0,0,16284,1224,
12,22,cost,13,Optimal,0,Successfully solved (Successfully solved (INTLINPROG)),33996,5324,0,1,1,worker-reported-pid,0,NaN,0.05,204,79,507.8359375,409.09765625,662.93359375,524.72265625,758.95703125,616.26171875,758.95703125,616.26171875,758.95703125,616.26171875,758.95703125,616.26171875,96.0234375,91.5390625,251.12109375,207.1640625,1,OK,3.2230505,1.6209495,4.8693509,0,0,16284,1224,
12,22,cost,14,Optimal,0,Successfully solved (Successfully solved (INTLINPROG)),33960,34064,0,1,1,worker-reported-pid,0,NaN,0.05,107,40,508.1171875,436.3046875,662.97265625,536.54296875,761.48046875,630.50390625,761.48046875,630.50390625,761.48046875,630.50390625,761.48046875,630.50390625,98.5078125,93.9609375,253.36328125,194.19921875,1,OK,1.8978385,0.5481615,2.4605609,0,0,16284,1224,
12,22,cost,15,Optimal,0,Successfully solved (Successfully solved (INTLINPROG)),14216,32224,0,1,1,worker-reported-pid,0,NaN,0.05,220,80,507.77734375,408.3515625,662.33984375,523.30859375,759.55859375,616.70703125,759.55859375,616.70703125,759.55859375,616.70703125,759.55859375,616.70703125,97.21875,93.3984375,251.78125,208.35546875,1,OK,3.2815029,1.7244971,5.035244,0,0,16284,1224,
12,22,cost,16,Optimal,0,Successfully solved (Successfully solved (INTLINPROG)),30284,34564,0,1,1,worker-reported-pid,0,NaN,0.05,100,40,509.30859375,413.65234375,664.32421875,525.3984375,760.75390625,617.2109375,760.75390625,617.2109375,760.75390625,617.2109375,760.75390625,617.2109375,96.4296875,91.8125,251.4453125,203.55859375,1,OK,1.9441639,0.539836100000002,2.498401,0,0,16284,1224,
12,22,cost,17,Optimal,0,Successfully solved (Successfully solved (INTLINPROG)),34512,31828,0,1,1,worker-reported-pid,0,NaN,0.05,192,75,510.36328125,414.34375,663.93359375,525.234375,762.13671875,618.98828125,762.13671875,618.98828125,762.13671875,618.98828125,762.13671875,618.98828125,98.203125,93.75390625,251.7734375,204.64453125,1,OK,3.1810059,1.4699941,4.6763439,0,0,16284,1224,
12,22,cost,18,Optimal,0,Successfully solved (Successfully solved (INTLINPROG)),12148,33664,0,1,1,worker-reported-pid,0,NaN,0.05,205,75,508.3359375,409.3359375,664.02734375,525.8828125,760.09765625,617.16015625,760.09765625,617.16015625,760.09765625,617.16015625,760.09765625,617.16015625,96.0703125,91.27734375,251.76171875,207.82421875,1,OK,3.1270051,1.5239949,4.676088,0,0,16284,1224,
12,22,cost,19,Optimal,0,Successfully solved (Successfully solved (INTLINPROG)),28532,12120,0,1,1,worker-reported-pid,0,NaN,0.05,101,40,507.15234375,407.25,662.4453125,523.46484375,760.765625,617.1953125,760.765625,617.1953125,760.765625,617.1953125,760.765625,617.1953125,98.3203125,93.73046875,253.61328125,209.9453125,1,OK,1.9237568,0.558243199999999,2.4984209,0,0,16284,1224,
12,22,cost,20,Optimal,0,Successfully solved (Successfully solved (INTLINPROG)),16444,29012,0,1,1,worker-reported-pid,0,NaN,0.05,203,77,508.6640625,408.4296875,662.0703125,523.55859375,759.05859375,615.875,759.05859375,615.875,759.05859375,615.875,759.05859375,615.875,96.98828125,92.31640625,250.39453125,207.4453125,1,OK,3.2073691,1.5936309,4.8274849,0,0,16284,1224,
12,22,distance,1,Optimal,0,Successfully solved (Successfully solved (INTLINPROG)),28064,25388,0,1,1,worker-reported-pid,0,NaN,0.05,159,41,505.55859375,407.49609375,661.09765625,522.61328125,760.30859375,617.12890625,760.30859375,617.12890625,760.30859375,617.12890625,760.30859375,617.12890625,99.2109375,94.515625,254.75,209.6328125,1,OK,0.9714718,1.5515282,2.5513079,0,0,16284,1224,
12,22,distance,2,Optimal,0,Successfully solved (Successfully solved (INTLINPROG)),31752,31008,0,1,1,worker-reported-pid,0,NaN,0.05,67,16,508.2578125,409.6953125,661.1953125,522.87890625,761.3203125,617.88671875,761.3203125,617.88671875,761.3203125,617.88671875,761.3203125,617.88671875,100.125,95.0078125,253.0625,208.19140625,1,OK,0.5200993,0.483900700000001,1.017095,0,0,16284,1224,
12,22,distance,3,Optimal,0,Successfully solved (Successfully solved (INTLINPROG)),14260,25968,0,1,1,worker-reported-pid,0,NaN,0.05,79,18,507.4921875,407.83984375,664.44140625,526.15234375,763.14453125,620.0703125,763.14453125,620.0703125,763.14453125,620.0703125,763.14453125,620.0703125,98.703125,93.91796875,255.65234375,212.23046875,1,OK,0.5782459,0.5497541,1.1426398,0,0,16284,1224,
12,22,distance,4,Optimal,0,Successfully solved (Successfully solved (INTLINPROG)),15976,33600,0,1,1,worker-reported-pid,0,NaN,0.05,79,18,508.12890625,407.89453125,662.4921875,524.2890625,761.453125,618.53125,761.453125,618.53125,761.453125,618.53125,761.453125,618.53125,98.9609375,94.2421875,253.32421875,210.63671875,1,OK,0.5767503,0.538249700000002,1.1296823,0,0,16284,1224,
12,22,distance,5,Optimal,0,Successfully solved (Successfully solved (INTLINPROG)),28308,32440,0,1,1,worker-reported-pid,0,NaN,0.05,83,20,509.734375,415.73046875,662.58203125,524.12109375,761.7734375,618.65234375,761.7734375,618.65234375,761.7734375,618.65234375,761.7734375,618.65234375,99.19140625,94.53125,252.0390625,202.921875,1,OK,0.6383604,0.5826396,1.237482,0,0,16284,1224,
12,22,distance,6,Optimal,0,Successfully solved (Successfully solved (INTLINPROG)),11472,9848,0,1,1,worker-reported-pid,0,NaN,0.05,76,18,509.66796875,412.3359375,664.70703125,526.515625,765.93359375,622.9296875,765.93359375,622.9296875,765.93359375,622.9296875,765.93359375,622.9296875,101.2265625,96.4140625,256.265625,210.59375,1,OK,0.5672573,0.584742700000001,1.1659967,0,0,16284,1224,
12,22,distance,7,Optimal,0,Successfully solved (Successfully solved (INTLINPROG)),33708,32784,0,1,1,worker-reported-pid,0,NaN,0.05,76,19,504.97265625,405.87890625,659.9765625,521.55078125,760.01171875,616.47265625,760.01171875,616.47265625,760.01171875,616.47265625,760.01171875,616.47265625,100.03515625,94.921875,255.0390625,210.59375,1,OK,0.5684678,0.554532199999999,1.1394667,0,0,16284,1224,
12,22,distance,8,Optimal,0,Successfully solved (Successfully solved (INTLINPROG)),24680,5500,0,1,1,worker-reported-pid,0,NaN,0.05,75,18,506.8828125,408.3125,661.515625,523.453125,761.05078125,617.77734375,761.05078125,617.77734375,761.05078125,617.77734375,761.05078125,617.77734375,99.53515625,94.32421875,254.16796875,209.46484375,1,OK,0.5647564,0.537243599999997,1.1168982,0,0,16284,1224,
12,22,distance,9,Optimal,0,Successfully solved (Successfully solved (INTLINPROG)),27976,24680,0,1,1,worker-reported-pid,0,NaN,0.05,70,17,508.9609375,413.09375,662.68359375,524.30859375,762.82421875,619.5078125,762.82421875,619.5078125,762.82421875,619.5078125,762.82421875,619.5078125,100.140625,95.19921875,253.86328125,206.4140625,1,OK,0.540703,0.500296999999997,1.0551872,0,0,16284,1224,
12,22,distance,10,Optimal,0,Successfully solved (Successfully solved (INTLINPROG)),33120,28172,0,1,1,worker-reported-pid,0,NaN,0.05,82,19,505.81640625,403.8125,660.609375,522.0234375,759.1640625,615.7578125,759.1640625,615.7578125,759.1640625,615.7578125,759.1640625,615.7578125,98.5546875,93.734375,253.34765625,211.9453125,1,OK,0.5977867,0.584213300000002,1.1980557,0,0,16284,1224,
12,22,distance,11,Optimal,0,Successfully solved (Successfully solved (INTLINPROG)),26052,27500,0,1,1,worker-reported-pid,0,NaN,0.05,169,41,508.16015625,409.8984375,662.94921875,524.1328125,760.6328125,617.1640625,760.6328125,617.1640625,760.6328125,617.1640625,760.6328125,617.1640625,97.68359375,93.03125,252.47265625,207.265625,1,OK,0.9734803,1.5395197,2.5423359,0,0,16284,1224,
12,22,distance,12,Optimal,0,Successfully solved (Successfully solved (INTLINPROG)),28844,32520,0,1,1,worker-reported-pid,0,NaN,0.05,159,41,507.46484375,408.8828125,663.42578125,525.4140625,758.33203125,615.49609375,758.33203125,615.49609375,758.33203125,615.49609375,758.33203125,615.49609375,94.90625,90.08203125,250.8671875,206.61328125,1,OK,0.9794118,1.5255882,2.5304014,0,0,16284,1224,
12,22,distance,13,Optimal,0,Successfully solved (Successfully solved (INTLINPROG)),34636,8272,0,1,1,worker-reported-pid,0,NaN,0.05,170,42,507.08984375,403.2109375,662.98828125,524.87890625,759.8125,616.82421875,759.8125,616.82421875,759.8125,616.82421875,759.8125,616.82421875,96.82421875,91.9453125,252.72265625,213.61328125,1,OK,1.0072615,1.5757385,2.6117805,0,0,16284,1224,
12,22,distance,14,Optimal,0,Successfully solved (Successfully solved (INTLINPROG)),28368,8268,0,1,1,worker-reported-pid,0,NaN,0.05,81,18,505.87890625,401.2265625,663.48828125,525.31640625,763.40625,620.609375,763.40625,620.609375,763.40625,620.609375,763.40625,620.609375,99.91796875,95.29296875,257.52734375,219.3828125,1,OK,0.5722289,0.5307711,1.1175785,0,0,16284,1224,
12,22,distance,15,Optimal,0,Successfully solved (Successfully solved (INTLINPROG)),6876,12428,0,1,1,worker-reported-pid,0,NaN,0.05,167,41,507.37109375,406,662.87109375,524.640625,759.82421875,616.7578125,759.82421875,616.7578125,759.82421875,616.7578125,759.82421875,616.7578125,96.953125,92.1171875,252.453125,210.7578125,1,OK,0.9817097,1.5362903,2.5435776,0,0,16284,1224,
12,22,distance,16,Optimal,0,Successfully solved (Successfully solved (INTLINPROG)),2920,32992,0,1,1,worker-reported-pid,0,NaN,0.05,81,19,511.1328125,414.57421875,666.515625,528.14453125,764.9140625,621.70703125,764.9140625,621.70703125,764.9140625,621.70703125,764.9140625,621.70703125,98.3984375,93.5625,253.78125,207.1328125,1,OK,0.5995906,0.556409399999999,1.1700133,0,0,16284,1224,
12,22,distance,17,Optimal,0,Successfully solved (Successfully solved (INTLINPROG)),22712,29160,0,1,1,worker-reported-pid,0,NaN,0.05,163,41,506.67578125,407.296875,663.30078125,524.87109375,763.453125,621.0625,763.453125,621.0625,763.453125,621.0625,763.453125,621.0625,100.15234375,96.19140625,256.77734375,213.765625,1,OK,0.9870046,1.5239954,2.5381825,0,0,16284,1224,
12,22,distance,18,Optimal,0,Successfully solved (Successfully solved (INTLINPROG)),24764,13696,0,1,1,worker-reported-pid,0,NaN,0.05,170,42,510.97265625,414.39453125,663.2578125,524.57421875,759.91796875,616.3984375,759.91796875,616.3984375,759.91796875,616.3984375,759.91796875,616.3984375,96.66015625,91.82421875,248.9453125,202.00390625,1,OK,1.0000802,1.5469198,2.5740249,0,0,16284,1224,
12,22,distance,19,Optimal,0,Successfully solved (Successfully solved (INTLINPROG)),34208,28348,0,1,1,worker-reported-pid,0,NaN,0.05,83,20,505.84765625,401.6953125,664.47265625,526.1328125,762.3515625,619.1484375,762.3515625,619.1484375,762.3515625,619.1484375,762.3515625,619.1484375,97.87890625,93.015625,256.50390625,217.453125,1,OK,0.6042722,0.5947278,1.2149403,0,0,16284,1224,
12,22,distance,20,Optimal,0,Successfully solved (Successfully solved (INTLINPROG)),7384,33372,0,1,1,worker-reported-pid,0,NaN,0.05,168,41,509.1875,408.52734375,663.07421875,524.9140625,760.79296875,618.015625,760.79296875,618.015625,760.79296875,618.015625,760.79296875,618.015625,97.71875,93.1015625,251.60546875,209.48828125,1,OK,0.9878656,1.5331344,2.5461397,0,0,16284,1224,
12,22,energy,1,Optimal,0,Successfully solved (Successfully solved (INTLINPROG)),32520,18076,0,1,1,worker-reported-pid,0,NaN,0.05,163,49,505.87109375,409.33984375,661.67578125,523.7265625,761.33984375,619.33984375,761.33984375,619.33984375,761.33984375,619.33984375,761.33984375,619.33984375,99.6640625,95.61328125,255.46875,210,1,OK,1.497313,1.548687,3.0744839,0,1.4210854715202e-14,16284,1224,
12,22,energy,2,Optimal,0,Successfully solved (Successfully solved (INTLINPROG)),32404,1864,0,1,1,worker-reported-pid,0,NaN,0.05,73,21,509.6015625,411.734375,663.6875,525.69921875,762.4765625,620.3125,762.4765625,620.3125,762.4765625,620.3125,762.4765625,620.3125,98.7890625,94.61328125,252.875,208.578125,1,OK,0.8058492,0.486150799999998,1.3053656,0,1.4210854715202e-14,16284,1224,
12,22,energy,3,Optimal,0,Successfully solved (Successfully solved (INTLINPROG)),5532,22704,0,1,1,worker-reported-pid,0,NaN,0.05,82,23,507.2109375,408.34765625,662.55859375,523.9609375,761.80078125,619.5546875,761.80078125,619.5546875,761.80078125,619.5546875,761.80078125,619.5546875,99.2421875,95.59375,254.58984375,211.20703125,1,OK,0.8827838,0.538216199999999,1.4356423,0,1.4210854715202e-14,16284,1224,
12,22,energy,4,Optimal,0,Successfully solved (Successfully solved (INTLINPROG)),12344,24280,0,1,1,worker-reported-pid,0,NaN,0.05,184,53,508.6484375,411.99609375,662.85546875,524.28515625,759.2109375,616.01953125,759.2109375,616.01953125,759.2109375,616.01953125,759.2109375,616.01953125,96.35546875,91.734375,250.5625,204.0234375,1,OK,1.6874498,1.5825502,3.2986895,0,1.4210854715202e-14,16284,1224,
12,22,energy,5,Optimal,0,Successfully solved (Successfully solved (INTLINPROG)),21260,33476,0,1,1,worker-reported-pid,0,NaN,0.05,81,23,507.3359375,407.95703125,661.44140625,523.78125,759.7578125,617.515625,759.7578125,617.515625,759.7578125,617.515625,759.7578125,617.515625,98.31640625,93.734375,252.421875,209.55859375,1,OK,0.8874484,0.537551600000004,1.4392182,0,1.4210854715202e-14,16284,1224,
12,22,energy,6,Optimal,0,Successfully solved (Successfully solved (INTLINPROG)),32504,2208,0,1,1,worker-reported-pid,0,NaN,0.05,79,22,507.52734375,407.19140625,662.4921875,523.96484375,759.76953125,616.39453125,759.76953125,616.39453125,759.76953125,616.39453125,759.76953125,616.39453125,97.27734375,92.4296875,252.2421875,209.203125,1,OK,0.8507796,0.528220400000001,1.3927965,0,1.4210854715202e-14,16284,1224,
12,22,energy,7,Optimal,0,Successfully solved (Successfully solved (INTLINPROG)),26652,18496,0,1,1,worker-reported-pid,0,NaN,0.05,80,23,509.1015625,411.265625,663.55859375,524.94921875,762.54296875,619.32421875,762.54296875,619.32421875,762.54296875,619.32421875,762.54296875,619.32421875,98.984375,94.375,253.44140625,208.05859375,1,OK,0.8700362,0.539963799999997,1.4243668,0,1.4210854715202e-14,16284,1224,
12,22,energy,8,Optimal,0,Successfully solved (Successfully solved (INTLINPROG)),20524,21940,0,1,1,worker-reported-pid,0,NaN,0.05,79,22,509.4921875,411.88671875,663.0390625,524.765625,761.23046875,618.1875,761.23046875,618.1875,761.23046875,618.1875,761.23046875,618.1875,98.19140625,93.421875,251.73828125,206.30078125,1,OK,0.8545834,0.530416599999998,1.4013259,0,1.4210854715202e-14,16284,1224,
12,22,energy,9,Optimal,0,Successfully solved (Successfully solved (INTLINPROG)),7992,11492,0,1,1,worker-reported-pid,0,NaN,0.05,75,22,505.9140625,405.61328125,660.15625,522.2578125,759.72265625,617.3046875,759.72265625,617.3046875,759.72265625,617.3046875,759.72265625,617.3046875,99.56640625,95.046875,253.80859375,211.69140625,1,OK,0.8282685,0.507731499999999,1.3492319,0,1.4210854715202e-14,16284,1224,
12,22,energy,10,Optimal,0,Successfully solved (Successfully solved (INTLINPROG)),33040,2168,0,1,1,worker-reported-pid,0,NaN,0.05,178,48,506.91015625,407.97265625,662.5859375,524.53125,759.21484375,616.3515625,759.21484375,616.3515625,759.21484375,616.3515625,759.21484375,616.3515625,96.62890625,91.8203125,252.3046875,208.37890625,1,OK,1.4722811,1.5337189,3.0316243,0,1.4210854715202e-14,16284,1224,
12,22,energy,11,Optimal,0,Successfully solved (Successfully solved (INTLINPROG)),33228,448,0,1,1,worker-reported-pid,0,NaN,0.05,169,49,511.01171875,415.7578125,663.04296875,524.84765625,759.98828125,617.171875,759.98828125,617.171875,759.98828125,617.171875,759.98828125,617.171875,96.9453125,92.32421875,248.9765625,201.4140625,1,OK,1.5113671,1.5476329,3.084842,0,1.4210854715202e-14,16284,1224,
12,22,energy,12,Optimal,0,Successfully solved (Successfully solved (INTLINPROG)),33152,15004,0,1,1,worker-reported-pid,0,NaN,0.05,188,49,509.296875,413.2421875,660.82421875,522.59765625,758.0078125,614.94921875,758.0078125,614.94921875,758.0078125,614.94921875,758.0078125,614.94921875,97.18359375,92.3515625,248.7109375,201.70703125,1,OK,1.4854804,1.5545196,3.0664851,0,1.4210854715202e-14,16284,1224,
12,22,energy,13,Optimal,0,Successfully solved (Successfully solved (INTLINPROG)),34492,2840,0,1,1,worker-reported-pid,0,NaN,0.05,179,50,508.3671875,406.17578125,664.359375,526.19921875,760.71484375,618.546875,760.71484375,618.546875,760.71484375,618.546875,760.71484375,618.546875,96.35546875,92.34765625,252.34765625,212.37109375,1,OK,1.5165319,1.5814681,3.1267281,0,1.4210854715202e-14,16284,1224,
12,22,energy,14,Optimal,0,Successfully solved (Successfully solved (INTLINPROG)),14216,15960,0,1,1,worker-reported-pid,0,NaN,0.05,84,24,507.41015625,408.515625,661.7734375,523.90625,759.12890625,616.2734375,759.12890625,616.2734375,759.12890625,616.2734375,759.12890625,616.2734375,97.35546875,92.3671875,251.71875,207.7578125,1,OK,0.8964829,0.5745171,1.4859282,0,1.4210854715202e-14,16284,1224,
12,22,energy,15,Optimal,0,Successfully solved (Successfully solved (INTLINPROG)),33316,32312,0,1,1,worker-reported-pid,0,NaN,0.05,182,52,511.5703125,412.67578125,665.875,527.11328125,762.25390625,618.92578125,762.25390625,618.92578125,762.25390625,618.92578125,762.25390625,618.92578125,96.37890625,91.8125,250.68359375,206.25,1,OK,1.5726536,1.6463464,3.2468475,0,1.4210854715202e-14,16284,1224,
12,22,energy,16,Optimal,0,Successfully solved (Successfully solved (INTLINPROG)),29788,31768,0,1,1,worker-reported-pid,0,NaN,0.05,174,49,506.48046875,404.7890625,665,526.4296875,759.0546875,615.36328125,759.0546875,615.36328125,759.0546875,615.36328125,759.0546875,615.36328125,94.0546875,88.93359375,252.57421875,210.57421875,1,OK,1.4950213,1.5179787,3.0380044,0,1.4210854715202e-14,16284,1224,
12,22,energy,17,Optimal,0,Successfully solved (Successfully solved (INTLINPROG)),31832,31024,0,1,1,worker-reported-pid,0,NaN,0.05,162,48,507.828125,409.72265625,661.8046875,523.59375,758.73046875,615.9609375,758.73046875,615.9609375,758.73046875,615.9609375,758.73046875,615.9609375,96.92578125,92.3671875,250.90234375,206.23828125,1,OK,1.5051864,1.5068136,3.0371001,0,1.4210854715202e-14,16284,1224,
12,22,energy,18,Optimal,0,Successfully solved (Successfully solved (INTLINPROG)),32428,34400,0,1,1,worker-reported-pid,0,NaN,0.05,181,50,509.890625,414.80859375,662.17578125,523.94140625,758.7421875,615.82421875,758.7421875,615.82421875,758.7421875,615.82421875,758.7421875,615.82421875,96.56640625,91.8828125,248.8515625,201.015625,1,OK,1.5134732,1.5805268,3.1204492,0,1.4210854715202e-14,16284,1224,
12,22,energy,19,Optimal,0,Successfully solved (Successfully solved (INTLINPROG)),33296,7292,0,1,1,worker-reported-pid,0,NaN,0.05,87,24,508.515625,410.875,664.2421875,525.97265625,761.98046875,618.95703125,761.98046875,618.95703125,761.98046875,618.95703125,761.98046875,618.95703125,97.73828125,92.984375,253.46484375,208.08203125,1,OK,0.8919274,0.583072600000001,1.491143,0,1.4210854715202e-14,16284,1224,
12,22,energy,20,Optimal,0,Successfully solved (Successfully solved (INTLINPROG)),28520,10280,0,1,1,worker-reported-pid,0,NaN,0.05,188,50,509.01171875,407.69921875,666.44921875,528.2890625,761.93359375,619.07421875,761.93359375,619.07421875,761.93359375,619.07421875,761.93359375,619.07421875,95.484375,90.78515625,252.921875,211.375,1,OK,1.5016245,1.5783755,3.1076904,0,1.4210854715202e-14,16284,1224,
12,22,time,1,Optimal,0,Successfully solved (Successfully solved (INTLINPROG)),28052,28432,0,1,1,worker-reported-pid,0,NaN,0.05,169,55,508.66015625,410.375,661.9765625,523.28515625,761.60546875,618.1328125,761.60546875,618.1328125,761.60546875,618.1328125,761.60546875,618.1328125,99.62890625,94.84765625,252.9453125,207.7578125,1,OK,1.8719728,1.5270272,3.423639,0,0,16284,1224,
12,22,time,2,Optimal,0,Successfully solved (Successfully solved (INTLINPROG)),9880,32688,0,1,1,worker-reported-pid,0,NaN,0.05,77,25,507.71484375,408.453125,661.5625,523.30078125,761.296875,618.98046875,761.296875,618.98046875,761.296875,618.98046875,761.296875,618.98046875,99.734375,95.6796875,253.58203125,210.52734375,1,OK,1.0552673,0.4937327,1.5623565,0,0,16284,1224,
12,22,time,3,Optimal,0,Successfully solved (Successfully solved (INTLINPROG)),27012,33604,0,1,1,worker-reported-pid,0,NaN,0.05,87,27,510.90625,414.921875,663.515625,524.90234375,761.47265625,618.0234375,761.47265625,618.0234375,761.47265625,618.0234375,761.47265625,618.0234375,97.95703125,93.12109375,250.56640625,203.1015625,1,OK,1.1698376,0.5441624,1.7282033,0,0,16284,1224,
12,22,time,4,Optimal,0,Successfully solved (Successfully solved (INTLINPROG)),5884,25544,0,1,1,worker-reported-pid,0,NaN,0.05,100,32,508.28515625,411.18359375,662.27734375,524.04296875,759.4765625,616.47265625,759.4765625,616.47265625,759.4765625,616.47265625,759.4765625,616.47265625,97.19921875,92.4296875,251.19140625,205.2890625,1,OK,1.4099391,0.5750609,2.0022946,0,0,16284,1224,
12,22,time,5,Optimal,0,Successfully solved (Successfully solved (INTLINPROG)),32304,30960,0,1,1,worker-reported-pid,0,NaN,0.05,90,28,507.98828125,410.89453125,663.15625,525.06640625,759.2734375,616.34375,759.2734375,616.34375,759.2734375,616.34375,759.2734375,616.34375,96.1171875,91.27734375,251.28515625,205.44921875,1,OK,1.1802411,0.558758900000004,1.7537041,0,0,16284,1224,
12,22,time,6,Optimal,0,Successfully solved (Successfully solved (INTLINPROG)),32412,28640,0,1,1,worker-reported-pid,0,NaN,0.05,83,26,507.94921875,409.234375,661.6796875,523.24609375,759.76171875,616.50390625,759.76171875,616.50390625,759.76171875,616.50390625,759.76171875,616.50390625,98.08203125,93.2578125,251.8125,207.26953125,1,OK,1.1160045,0.527995499999998,1.6571729,0,0,16284,1224,
12,22,time,7,Optimal,0,Successfully solved (Successfully solved (INTLINPROG)),32808,32872,0,1,1,worker-reported-pid,0,NaN,0.05,84,27,506.54296875,409.3515625,661.078125,523.125,759.26953125,616.75,759.26953125,616.75,759.26953125,616.75,759.26953125,616.75,98.19140625,93.625,252.7265625,207.3984375,1,OK,1.1146642,0.531335800000001,1.6605756,0,0,16284,1224,
12,22,time,8,Optimal,0,Successfully solved (Successfully solved (INTLINPROG)),31532,10280,0,1,1,worker-reported-pid,0,NaN,0.05,84,27,508.73046875,410.58203125,662.140625,524.015625,762,619.48046875,762,619.48046875,762,619.48046875,762,619.48046875,99.859375,95.46484375,253.26953125,208.8984375,1,OK,1.1096663,0.533333700000001,1.6568962,0,0,16284,1224,
12,22,time,9,Optimal,0,Successfully solved (Successfully solved (INTLINPROG)),492,33292,0,1,1,worker-reported-pid,0,NaN,0.05,79,26,505.4765625,406.16796875,659.02734375,520.7578125,757.828125,614.6796875,757.828125,614.6796875,757.828125,614.6796875,757.828125,614.6796875,98.80078125,93.921875,252.3515625,208.51171875,1,OK,1.0876531,0.503346900000001,1.6047016,0,0,16284,1224,
12,22,time,10,Optimal,0,Successfully solved (Successfully solved (INTLINPROG)),28472,8316,0,1,1,worker-reported-pid,0,NaN,0.05,189,57,506.5859375,405.390625,662.32421875,523.48828125,758.63671875,614.76171875,758.63671875,614.76171875,758.63671875,614.76171875,758.63671875,614.76171875,96.3125,91.2734375,252.05078125,209.37109375,1,OK,1.939048,1.584952,3.5503043,0,0,16284,1224,
12,22,time,11,Optimal,0,Successfully solved (Successfully solved (INTLINPROG)),23892,33172,0,1,1,worker-reported-pid,0,NaN,0.05,180,55,507.953125,410.8515625,662.5390625,523.86328125,759.3984375,615.94921875,759.3984375,615.94921875,759.3984375,615.94921875,759.3984375,615.94921875,96.859375,92.0859375,251.4453125,205.09765625,1,OK,1.8743377,1.5196623,3.4223918,0,0,16284,1224,
12,22,time,12,Optimal,0,Successfully solved (Successfully solved (INTLINPROG)),10520,31876,0,1,1,worker-reported-pid,0,NaN,0.05,180,56,506.6953125,406.875,661.640625,523.4921875,760.19921875,618.078125,760.19921875,618.078125,760.19921875,618.078125,760.19921875,618.078125,98.55859375,94.5859375,253.50390625,211.203125,1,OK,1.9139117,1.5360883,3.4761008,0,0,16284,1224,
12,22,time,13,Optimal,0,Successfully solved (Successfully solved (INTLINPROG)),33900,29124,0,1,1,worker-reported-pid,0,NaN,0.05,184,57,505.01171875,401.48046875,665.80078125,526.85546875,760.59375,618.3046875,760.59375,618.3046875,760.59375,618.3046875,760.59375,618.3046875,94.79296875,91.44921875,255.58203125,216.82421875,1,OK,1.9205168,1.5794832,3.5275673,0,0,16284,1224,
12,22,time,14,Optimal,0,Successfully solved (Successfully solved (INTLINPROG)),32164,33896,0,1,1,worker-reported-pid,0,NaN,0.05,87,27,509.375,411.19140625,665.99609375,527.3515625,764.7890625,621.59765625,764.7890625,621.59765625,764.7890625,621.59765625,764.7890625,621.59765625,98.79296875,94.24609375,255.4140625,210.40625,1,OK,1.1407606,0.532239399999998,1.6876764,0,0,16284,1224,
12,22,time,15,Optimal,0,Successfully solved (Successfully solved (INTLINPROG)),33796,33216,0,1,1,worker-reported-pid,0,NaN,0.05,190,56,510.02734375,411.71875,664.30859375,526.00390625,762.2890625,620.03125,762.2890625,620.03125,762.2890625,620.03125,762.2890625,620.03125,97.98046875,94.02734375,252.26171875,208.3125,1,OK,1.9001381,1.5558619,3.4825734,0,0,16284,1224,
12,22,time,16,Optimal,0,Successfully solved (Successfully solved (INTLINPROG)),34796,33956,0,1,1,worker-reported-pid,0,NaN,0.05,185,56,510.640625,414.80078125,662.37890625,524.14453125,760.28125,617.17578125,760.28125,617.17578125,760.28125,617.17578125,760.28125,617.17578125,97.90234375,93.03125,249.640625,202.375,1,OK,1.9084016,1.5415984,3.4759513,0,0,16284,1224,
12,22,time,17,Optimal,0,Successfully solved (Successfully solved (INTLINPROG)),10616,11472,0,1,1,worker-reported-pid,0,NaN,0.05,179,54,508.59375,408.7734375,663.50390625,524.7265625,761.47265625,619.4609375,761.47265625,619.4609375,761.47265625,619.4609375,761.47265625,619.4609375,97.96875,94.734375,252.87890625,210.6875,1,OK,1.868373,1.513627,3.4079693,0,0,16284,1224,
12,22,time,18,Optimal,0,Successfully solved (Successfully solved (INTLINPROG)),19740,5532,0,1,1,worker-reported-pid,0,NaN,0.05,186,56,506.40234375,406.53125,662.77734375,524.375,759.2265625,615.9140625,759.2265625,615.9140625,759.2265625,615.9140625,759.2265625,615.9140625,96.44921875,91.5390625,252.82421875,209.3828125,1,OK,1.9247657,1.5542343,3.5068923,0,0,16284,1224,
12,22,time,19,Optimal,0,Successfully solved (Successfully solved (INTLINPROG)),2900,13012,0,1,1,worker-reported-pid,0,NaN,0.05,93,28,508.3203125,408.1015625,662.94921875,524.38671875,760.75,617.29296875,760.75,617.29296875,760.75,617.29296875,760.75,617.29296875,97.80078125,92.90625,252.4296875,209.19140625,1,OK,1.1677203,0.5592797,1.742885,0,0,16284,1224,
12,22,time,20,Optimal,0,Successfully solved (Successfully solved (INTLINPROG)),34540,12716,0,1,1,worker-reported-pid,0,NaN,0.05,195,62,507.21484375,408.71484375,660.0625,522.265625,758.19140625,615.4453125,758.19140625,615.4453125,758.19140625,615.4453125,758.19140625,615.4453125,98.12890625,93.1796875,250.9765625,206.73046875,1,OK,1.9633349,1.8496651,3.8463204,0,0,16284,1224,
13,29,cost,1,Optimal,0,Successfully solved (Successfully solved (INTLINPROG)),24104,32276,0,1,1,worker-reported-pid,0,NaN,0.05,411,269,508.703125,413.17578125,664.1484375,524.2734375,865.19140625,728.94921875,865.19140625,728.94921875,865.19140625,728.94921875,865.19140625,728.94921875,201.04296875,204.67578125,356.48828125,315.7734375,1,OK,15.1339783,1.6500217,16.8080987,0,0,18902,1326,
13,29,cost,2,Optimal,0,Successfully solved (Successfully solved (INTLINPROG)),32780,33360,0,1,1,worker-reported-pid,0,NaN,0.05,204,147,507.02734375,406.4921875,663.62890625,523.48046875,864.24609375,728.66796875,864.24609375,728.66796875,864.24609375,728.66796875,864.24609375,728.66796875,200.6171875,205.1875,357.21875,322.17578125,1,OK,8.6290528,0.547947199999999,9.1904435,0,0,18902,1326,
13,29,cost,3,Optimal,0,Successfully solved (Successfully solved (INTLINPROG)),12556,32692,0,1,1,worker-reported-pid,0,NaN,0.05,226,161,504.75390625,402.73046875,662.63671875,522.87890625,870.31640625,735.9296875,870.31640625,735.9296875,870.31640625,735.9296875,870.31640625,735.9296875,207.6796875,213.05078125,365.5625,333.19921875,1,OK,9.4219861,0.582013899999998,10.0175443,0,0,18902,1326,
13,29,cost,4,Optimal,0,Successfully solved (Successfully solved (INTLINPROG)),33600,17564,0,1,1,worker-reported-pid,0,NaN,0.05,256,169,502.64453125,403.55859375,658.625,519.90625,864.85546875,732.65234375,864.85546875,732.65234375,864.85546875,732.65234375,864.85546875,732.65234375,206.23046875,212.74609375,362.2109375,329.09375,1,OK,9.921289,0.611711000000001,10.5485006,0,0,18902,1326,
13,29,cost,5,Optimal,0,Successfully solved (Successfully solved (INTLINPROG)),30996,9052,0,1,1,worker-reported-pid,0,NaN,0.05,236,164,506.078125,408.1796875,662.37890625,522.6015625,862.92578125,726.63671875,862.92578125,726.63671875,862.92578125,726.63671875,862.92578125,726.63671875,200.546875,204.03515625,356.84765625,318.45703125,1,OK,9.5611431,0.6458569,10.222685,0,0,18902,1326,
13,29,cost,6,Optimal,0,Successfully solved (Successfully solved (INTLINPROG)),32868,7308,0,1,1,worker-reported-pid,0,NaN,0.05,216,154,507.859375,407.34765625,665.16015625,525.46484375,870.64453125,736.984375,870.64453125,736.984375,870.64453125,736.984375,870.64453125,736.984375,205.484375,211.51953125,362.78515625,329.63671875,1,OK,9.0782093,0.553790699999999,9.6472545,0,0,18902,1326,
13,29,cost,7,Optimal,0,Successfully solved (Successfully solved (INTLINPROG)),31192,32524,0,1,1,worker-reported-pid,0,NaN,0.05,217,154,509.81640625,411.15234375,664.703125,524.984375,866.81640625,730.6015625,866.81640625,730.6015625,866.81640625,730.6015625,866.81640625,730.6015625,202.11328125,205.6171875,357,319.44921875,1,OK,9.0461941,0.561805899999998,9.6221399,0,0,18902,1326,
13,29,cost,8,Optimal,0,Successfully solved (Successfully solved (INTLINPROG)),33660,27228,0,1,1,worker-reported-pid,0,NaN,0.05,216,154,508.87890625,410.62890625,664.94140625,525.28125,862.109375,727.12890625,862.109375,727.12890625,862.109375,727.12890625,862.109375,727.12890625,197.16796875,201.84765625,353.23046875,316.5,1,OK,9.0767021,0.556297900000001,9.6479409,0,0,18902,1326,
13,29,cost,9,Optimal,0,Successfully solved (Successfully solved (INTLINPROG)),22660,23624,0,1,1,worker-reported-pid,0,NaN,0.05,208,149,509.796875,410.41796875,667.00390625,526.75390625,869.57421875,733.14453125,869.57421875,733.14453125,869.57421875,733.14453125,869.57421875,733.14453125,202.5703125,206.390625,359.77734375,322.7265625,1,OK,8.7836826,0.526317400000002,9.3243328,0,0,18902,1326,
13,29,cost,10,Optimal,0,Successfully solved (Successfully solved (INTLINPROG)),32912,14812,0,1,1,worker-reported-pid,0,NaN,0.05,419,277,508.5234375,411.59765625,667.53125,527.61328125,871,734.39453125,871,734.39453125,871,734.39453125,871,734.39453125,203.46875,206.78125,362.4765625,322.796875,1,OK,15.6252775,1.6777225,17.3297556,0,0,18902,1326,
13,29,cost,11,Optimal,0,Successfully solved (Successfully solved (INTLINPROG)),28536,28244,0,1,1,worker-reported-pid,0,NaN,0.05,418,269,509.9921875,415.28125,666.734375,527,868.26171875,734.921875,868.26171875,734.921875,868.26171875,734.921875,868.26171875,734.921875,201.52734375,207.921875,358.26953125,319.640625,1,OK,15.0969796,1.6560204,16.7785776,0,0,18902,1326,
13,29,cost,12,Optimal,0,Successfully solved (Successfully solved (INTLINPROG)),31912,26540,0,1,1,worker-reported-pid,0,NaN,0.05,411,274,509.73828125,413.9453125,665.0625,525.15625,862.109375,726.0703125,862.109375,726.0703125,862.109375,726.0703125,862.109375,726.0703125,197.046875,200.9140625,352.37109375,312.125,1,OK,15.4227879,1.6442121,17.0946574,0,0,18902,1326,
13,29,cost,13,Optimal,0,Successfully solved (Successfully solved (INTLINPROG)),26784,25532,0,1,1,worker-reported-pid,0,NaN,0.05,429,281,506.20703125,407.36328125,664.35546875,525.1015625,865.55859375,731.55859375,865.55859375,731.55859375,865.55859375,731.55859375,865.55859375,731.55859375,201.203125,206.45703125,359.3515625,324.1953125,1,OK,15.8155105,1.7214895,17.5658721,0,0,18902,1326,
13,29,cost,14,Optimal,0,Successfully solved (Successfully solved (INTLINPROG)),34796,5980,0,1,1,worker-reported-pid,0,NaN,0.05,369,279,507.15625,404.8046875,669.51171875,529.75,865.2734375,729.55859375,865.2734375,729.55859375,865.2734375,729.55859375,865.2734375,729.55859375,195.76171875,199.80859375,358.1171875,324.75390625,1,OK,15.8074661,1.60453390000001,17.439111,0,0,18902,1326,
13,29,cost,15,Optimal,0,Successfully solved (Successfully solved (INTLINPROG)),28040,31096,0,1,1,worker-reported-pid,0,NaN,0.05,422,278,507.9375,406.88671875,667.80859375,527.765625,866.02734375,729.3125,866.02734375,729.3125,866.02734375,729.3125,866.02734375,729.3125,198.21875,201.546875,358.08984375,322.42578125,1,OK,15.6866327,1.6593673,17.3737066,0,0,18902,1326,
13,29,cost,16,Optimal,0,Successfully solved (Successfully solved (INTLINPROG)),520,29772,0,1,1,worker-reported-pid,0,NaN,0.05,366,251,508.12890625,410.046875,666.609375,527.36328125,864.51171875,729.2734375,864.51171875,729.2734375,864.51171875,729.2734375,864.51171875,729.2734375,197.90234375,201.91015625,356.3828125,319.2265625,1,OK,15.0887387,0.580261299999997,15.6868114,0,0,18902,1326,
13,29,cost,17,Optimal,0,Successfully solved (Successfully solved (INTLINPROG)),19872,9436,0,1,1,worker-reported-pid,0,NaN,0.05,413,272,510.36328125,410.3359375,666.40625,526.859375,870.52734375,737.06640625,870.52734375,737.06640625,870.52734375,737.06640625,870.52734375,737.06640625,204.12109375,210.20703125,360.1640625,326.73046875,1,OK,15.3600776,1.6149224,17.0006334,0,0,18902,1326,
13,29,cost,18,Optimal,0,Successfully solved (Successfully solved (INTLINPROG)),9972,25692,0,1,1,worker-reported-pid,0,NaN,0.05,426,277,508.9375,410.09765625,668.1171875,528.33984375,865.07421875,729.68359375,865.07421875,729.68359375,865.07421875,729.68359375,865.07421875,729.68359375,196.95703125,201.34375,356.13671875,319.5859375,1,OK,15.6107482,1.6612518,17.2971038,0,0,18902,1326,
13,29,cost,19,Optimal,0,Successfully solved (Successfully solved (INTLINPROG)),33724,4344,0,1,1,worker-reported-pid,0,NaN,0.05,423,274,509.19921875,411.7265625,666.60546875,527.36328125,861.203125,725.921875,861.203125,725.921875,861.203125,725.921875,861.203125,725.921875,194.59765625,198.55859375,352.00390625,314.1953125,1,OK,15.5309386,1.6160614,17.1738858,0,0,18902,1326,
13,29,cost,20,Optimal,0,Successfully solved (Successfully solved (INTLINPROG)),24584,32924,0,1,1,worker-reported-pid,0,NaN,0.05,400,250,508.88671875,409.7265625,666.53125,526.43359375,868.046875,734.91796875,868.046875,734.91796875,868.046875,734.91796875,868.046875,734.91796875,201.515625,208.484375,359.16015625,325.19140625,1,OK,13.8517307,1.7052693,15.5868832,0,0,18902,1326,
13,29,distance,1,Optimal,0,Successfully solved (Successfully solved (INTLINPROG)),19336,6756,0,1,1,worker-reported-pid,0,NaN,0.05,206,63,507.046875,407.69140625,667.07421875,527.4453125,820.80078125,678.90625,820.80078125,678.90625,820.80078125,678.90625,820.80078125,678.90625,153.7265625,151.4609375,313.75390625,271.21484375,1,OK,2.2058921,1.6411079,3.8730929,0,0,18902,1326,
13,29,distance,2,Optimal,0,Successfully solved (Successfully solved (INTLINPROG)),3736,24912,0,1,1,worker-reported-pid,0,NaN,0.05,84,28,508.7890625,411.1328125,665.44140625,525.38671875,819.30859375,677.3515625,819.30859375,677.3515625,819.30859375,677.3515625,819.30859375,677.3515625,153.8671875,151.96484375,310.51953125,266.21875,1,OK,1.2409399,0.510060099999998,1.7638177,0,0,18902,1326,
13,29,distance,3,Optimal,0,Successfully solved (Successfully solved (INTLINPROG)),10108,21496,0,1,1,worker-reported-pid,0,NaN,0.05,96,31,508.03125,408.98046875,665.66015625,525.78515625,824.62109375,682.546875,824.62109375,682.546875,824.62109375,682.546875,824.62109375,682.546875,158.9609375,156.76171875,316.58984375,273.56640625,1,OK,1.388393,0.567607,1.9701097,0,0,18902,1326,
13,29,distance,4,Optimal,0,Successfully solved (Successfully solved (INTLINPROG)),27388,32308,0,1,1,worker-reported-pid,0,NaN,0.05,288,78,498.01171875,393.17578125,659.703125,521.0234375,817.6875,676.5,817.6875,676.5,817.6875,676.5,817.6875,676.5,157.984375,155.4765625,319.67578125,283.32421875,1,OK,2.7215027,1.9844973,4.8746415,0,0,18902,1326,
13,29,distance,5,Optimal,0,Successfully solved (Successfully solved (INTLINPROG)),32224,20856,0,1,1,worker-reported-pid,0,NaN,0.05,95,32,509.08203125,409.34375,669.12890625,529.4140625,823.046875,680.984375,823.046875,680.984375,823.046875,680.984375,823.046875,680.984375,153.91796875,151.5703125,313.96484375,271.640625,1,OK,1.3659291,0.599070899999996,1.9816774,0,0,18902,1326,
13,29,distance,6,Optimal,0,Successfully solved (Successfully solved (INTLINPROG)),28548,11492,0,1,1,worker-reported-pid,0,NaN,0.05,93,31,507.81640625,407.79296875,666.109375,526.2578125,823.13671875,681.1171875,823.13671875,681.1171875,823.13671875,681.1171875,823.13671875,681.1171875,157.02734375,154.859375,315.3203125,273.32421875,1,OK,1.3589336,0.562066399999999,1.9354627,0,0,18902,1326,
13,29,distance,7,Optimal,0,Successfully solved (Successfully solved (INTLINPROG)),9292,9520,0,1,1,worker-reported-pid,0,NaN,0.05,92,31,508.78125,413.234375,667.0859375,527.125,822.42578125,680.07421875,822.42578125,680.07421875,822.42578125,680.07421875,822.42578125,680.07421875,155.33984375,152.94921875,313.64453125,266.83984375,1,OK,1.3555222,0.568477799999999,1.9380931,0,0,18902,1326,
13,29,distance,8,Optimal,0,Successfully solved (Successfully solved (INTLINPROG)),33144,32228,0,1,1,worker-reported-pid,0,NaN,0.05,92,31,508.94140625,409.16015625,667.46484375,528.0078125,820.421875,678.77734375,820.421875,678.77734375,820.421875,678.77734375,820.421875,678.77734375,152.95703125,150.76953125,311.48046875,269.6171875,1,OK,1.3576126,0.564387400000004,1.9363209,0,0,18902,1326,
13,29,distance,9,Optimal,0,Successfully solved (Successfully solved (INTLINPROG)),6596,32852,0,1,1,worker-reported-pid,0,NaN,0.05,89,29,507.49609375,410.17578125,664.68359375,524.9296875,820.7890625,678.7421875,820.7890625,678.7421875,820.7890625,678.7421875,820.7890625,678.7421875,156.10546875,153.8125,313.29296875,268.56640625,1,OK,1.2875819,0.5324181,1.8330639,0,0,18902,1326,
13,29,distance,10,Optimal,0,Successfully solved (Successfully solved (INTLINPROG)),33364,24944,0,1,1,worker-reported-pid,0,NaN,0.05,201,63,507.43359375,407.64453125,665.109375,525.37109375,820.16015625,678.2578125,820.16015625,678.2578125,820.16015625,678.2578125,820.16015625,678.2578125,155.05078125,152.88671875,312.7265625,270.61328125,1,OK,2.274486,1.646514,3.9476698,0,0,18902,1326,
13,29,distance,11,Optimal,0,Successfully solved (Successfully solved (INTLINPROG)),20032,33676,0,1,1,worker-reported-pid,0,NaN,0.05,196,63,509.1328125,409.8515625,664.73828125,524.94140625,820.08984375,678.90625,820.08984375,678.90625,820.08984375,678.90625,820.08984375,678.90625,155.3515625,153.96484375,310.95703125,269.0546875,1,OK,2.2985923,1.6294077,3.9525611,0,0,18902,1326,
13,29,distance,12,Optimal,0,Successfully solved (Successfully solved (INTLINPROG)),10844,24296,0,1,1,worker-reported-pid,0,NaN,0.05,201,63,508.39453125,409.66796875,665.94140625,526.1640625,820.9921875,679.51171875,820.9921875,679.51171875,820.9921875,679.51171875,820.9921875,679.51171875,155.05078125,153.34765625,312.59765625,269.84375,1,OK,2.2659715,1.6370285,3.9298994,0,0,18902,1326,
13,29,distance,13,Optimal,0,Successfully solved (Successfully solved (INTLINPROG)),33080,27048,0,1,1,worker-reported-pid,0,NaN,0.05,231,65,507.4453125,405.98046875,662.7578125,522.82421875,819.859375,678.5,819.859375,678.5,819.859375,678.5,819.859375,678.5,157.1015625,155.67578125,312.4140625,272.51953125,1,OK,2.3643516,1.7006484,4.0907107,0,0,18902,1326,
13,29,distance,14,Optimal,0,Successfully solved (Successfully solved (INTLINPROG)),26632,11384,0,1,1,worker-reported-pid,0,NaN,0.05,95,32,510.2265625,409.30859375,667.0234375,527.65625,823.29296875,681.80859375,823.29296875,681.80859375,823.29296875,681.80859375,823.29296875,681.80859375,156.26953125,154.15234375,313.06640625,272.5,1,OK,1.3987205,0.602279499999998,2.0158662,0,0,18902,1326,
13,29,distance,15,Optimal,0,Successfully solved (Successfully solved (INTLINPROG)),34520,34148,0,1,1,worker-reported-pid,0,NaN,0.05,219,66,510.6953125,413.26171875,666.8125,527.07421875,822.64453125,681.23046875,822.64453125,681.23046875,822.64453125,681.23046875,822.64453125,681.23046875,155.83203125,154.15625,311.94921875,267.96875,1,OK,2.4320494,1.6849506,4.145184,0,0,18902,1326,
13,29,distance,16,Optimal,0,Successfully solved (Successfully solved (INTLINPROG)),24768,31028,0,1,1,worker-reported-pid,0,NaN,0.05,215,63,510.421875,414.40234375,665.7109375,526.2265625,820.76953125,679.671875,820.76953125,679.671875,820.76953125,679.671875,820.76953125,679.671875,155.05859375,153.4453125,310.34765625,265.26953125,1,OK,2.2749813,1.6390187,3.9393582,0,0,18902,1326,
13,29,distance,17,Optimal,0,Successfully solved (Successfully solved (INTLINPROG)),18228,12096,0,1,1,worker-reported-pid,0,NaN,0.05,189,62,508.09375,411.3828125,666.65234375,526.9140625,825.05859375,683.80078125,825.05859375,683.80078125,825.05859375,683.80078125,825.05859375,683.80078125,158.40625,156.88671875,316.96484375,272.41796875,1,OK,2.2002139,1.6237861,3.8493376,0,0,18902,1326,
13,29,distance,18,Optimal,0,Successfully solved (Successfully solved (INTLINPROG)),27008,3736,0,1,1,worker-reported-pid,0,NaN,0.05,200,64,510.1171875,414.62890625,667.30859375,527.66015625,823.1875,681.16015625,823.1875,681.16015625,823.1875,681.16015625,823.1875,681.16015625,155.87890625,153.5,313.0703125,266.53125,1,OK,2.3088256,1.6771744,4.0120456,0,0,18902,1326,
13,29,distance,19,Optimal,0,Successfully solved (Successfully solved (INTLINPROG)),21784,31768,0,1,1,worker-reported-pid,0,NaN,0.05,232,65,508.17578125,408.390625,664.1640625,524.7265625,822.81640625,681.5625,822.81640625,681.5625,822.81640625,681.5625,822.81640625,681.5625,158.65234375,156.8359375,314.640625,273.171875,1,OK,2.3722486,1.6317514,4.0322345,0,0,18902,1326,
13,29,distance,20,Optimal,0,Successfully solved (Successfully solved (INTLINPROG)),10480,6072,0,1,1,worker-reported-pid,0,NaN,0.05,201,63,511.7265625,416.26171875,666.796875,526.85546875,823.52734375,681.35546875,823.52734375,681.35546875,823.52734375,681.35546875,823.52734375,681.35546875,156.73046875,154.5,311.80078125,265.09375,1,OK,2.2402889,1.6617111,3.9303845,0,0,18902,1326,
13,29,energy,1,Optimal,0,Successfully solved (Successfully solved (INTLINPROG)),6564,27444,0,1,1,worker-reported-pid,0,NaN,0.05,236,102,507.84375,410.1171875,665.60546875,525.81640625,869.51171875,735.45703125,869.51171875,735.45703125,869.51171875,735.45703125,869.51171875,735.45703125,203.90625,209.640625,361.66796875,325.33984375,1,OK,4.7004638,1.6645362,6.3906263,0,1.4210854715202e-14,18902,1326,
13,29,energy,2,Optimal,0,Successfully solved (Successfully solved (INTLINPROG)),29612,32788,0,1,1,worker-reported-pid,0,NaN,0.05,107,51,507.3359375,409.36328125,665.19921875,525.71484375,852.0390625,716.1484375,852.0390625,716.1484375,852.0390625,716.1484375,852.0390625,716.1484375,186.83984375,190.43359375,344.703125,306.78515625,1,OK,2.6461335,0.515866500000001,3.1756665,0,1.4210854715202e-14,18902,1326,
13,29,energy,3,Optimal,0,Successfully solved (Successfully solved (INTLINPROG)),27116,28776,0,1,1,worker-reported-pid,0,NaN,0.05,127,59,509.859375,413.62109375,667.0546875,527.2890625,864.8046875,728.875,864.8046875,728.875,864.8046875,728.875,864.8046875,728.875,197.75,201.5859375,354.9453125,315.25390625,1,OK,3.0555332,0.643466799999998,3.7144769,0,1.4210854715202e-14,18902,1326,
13,29,energy,4,Optimal,0,Successfully solved (Successfully solved (INTLINPROG)),28312,13716,0,1,1,worker-reported-pid,0,NaN,0.05,133,61,505.90625,406.234375,665.23828125,525.06640625,861.765625,726.328125,861.765625,726.328125,861.765625,726.328125,861.765625,726.328125,196.52734375,201.26171875,355.859375,320.09375,1,OK,3.1547202,0.670279799999999,3.840967,0,1.4210854715202e-14,18902,1326,
13,29,energy,5,Optimal,0,Successfully solved (Successfully solved (INTLINPROG)),26844,19656,0,1,1,worker-reported-pid,0,NaN,0.05,123,55,506.90234375,407.109375,664.24609375,524.48828125,861.5703125,726.61328125,861.5703125,726.61328125,861.5703125,726.61328125,861.5703125,726.61328125,197.32421875,202.125,354.66796875,319.50390625,1,OK,2.8822245,0.564775500000003,3.4624458,0,1.4210854715202e-14,18902,1326,
13,29,energy,6,Optimal,0,Successfully solved (Successfully solved (INTLINPROG)),31536,23568,0,1,1,worker-reported-pid,0,NaN,0.05,116,55,508.5546875,408.89453125,664.55078125,525.3046875,865.6328125,730.3125,865.6328125,730.3125,865.6328125,730.3125,865.6328125,730.3125,201.08203125,205.0078125,357.078125,321.41796875,1,OK,2.8930674,0.554932599999999,3.4622366,0,1.4210854715202e-14,18902,1326,
13,29,energy,7,Optimal,0,Successfully solved (Successfully solved (INTLINPROG)),22424,21304,0,1,1,worker-reported-pid,0,NaN,0.05,117,55,506.078125,406.33984375,664.6953125,524.87109375,862.68359375,727.02734375,862.68359375,727.02734375,862.68359375,727.02734375,862.68359375,727.02734375,197.98828125,202.15625,356.60546875,320.6875,1,OK,2.9025041,0.557495899999997,3.4757452,0,1.4210854715202e-14,18902,1326,
13,29,energy,8,Optimal,0,Successfully solved (Successfully solved (INTLINPROG)),6912,8140,0,1,1,worker-reported-pid,0,NaN,0.05,117,55,509.359375,410.89453125,668.46484375,528.60546875,870.609375,734.83984375,870.609375,734.83984375,870.609375,734.83984375,870.609375,734.83984375,202.14453125,206.234375,361.25,323.9453125,1,OK,2.8715132,0.5644868,3.4500573,0,1.4210854715202e-14,18902,1326,
13,29,energy,9,Optimal,0,Successfully solved (Successfully solved (INTLINPROG)),21532,29416,0,1,1,worker-reported-pid,0,NaN,0.05,112,54,509.55859375,416.33203125,666.35546875,526.984375,857.140625,723.16796875,857.140625,723.16796875,857.140625,723.16796875,857.140625,723.16796875,190.78515625,196.18359375,347.58203125,306.8359375,1,OK,2.7975078,0.543492199999994,3.3551965,0,1.4210854715202e-14,18902,1326,
13,29,energy,10,Optimal,0,Successfully solved (Successfully solved (INTLINPROG)),30220,2880,0,1,1,worker-reported-pid,0,NaN,0.05,207,64,510.08203125,411.5703125,667.53515625,527.03515625,868.40234375,734.98046875,868.40234375,734.98046875,868.40234375,734.98046875,868.40234375,734.98046875,200.8671875,207.9453125,358.3203125,323.41015625,1,OK,3.0608256,0.904174400000004,3.9934341,0,1.4210854715202e-14,18902,1326,
13,29,energy,11,Optimal,0,Successfully solved (Successfully solved (INTLINPROG)),18168,24444,0,1,1,worker-reported-pid,0,NaN,0.05,221,74,507.09765625,406.6015625,665.2734375,525.0546875,870.19140625,736.20703125,870.19140625,736.20703125,870.19140625,736.20703125,870.19140625,736.20703125,204.91796875,211.15234375,363.09375,329.60546875,1,OK,3.9796598,0.618340200000001,4.6160273,0,1.4210854715202e-14,18902,1326,
13,29,energy,12,Optimal,0,Successfully solved (Successfully solved (INTLINPROG)),22624,32772,0,1,1,worker-reported-pid,0,NaN,0.05,240,108,507.796875,406.234375,665.1953125,525.61328125,865.81640625,731.38671875,865.81640625,731.38671875,865.81640625,731.38671875,865.81640625,731.38671875,200.62109375,205.7734375,358.01953125,325.15234375,1,OK,5.0061836,1.6948164,6.7279364,0,1.4210854715202e-14,18902,1326,
13,29,energy,13,Optimal,0,Successfully solved (Successfully solved (INTLINPROG)),33964,27272,0,1,1,worker-reported-pid,0,NaN,0.05,242,104,508.69921875,409.015625,666.8125,526.80078125,860.87890625,726.109375,860.87890625,726.109375,860.87890625,726.109375,860.87890625,726.109375,194.06640625,199.30859375,352.1796875,317.09375,1,OK,4.8884535,1.6055465,6.5187435,0,1.4210854715202e-14,18902,1326,
13,29,energy,14,Optimal,0,Successfully solved (Successfully solved (INTLINPROG)),34392,7104,0,1,1,worker-reported-pid,0,NaN,0.05,241,104,507.8515625,412.94140625,663.63671875,523.99609375,860.3125,724.5546875,860.3125,724.5546875,860.3125,724.5546875,860.3125,724.5546875,196.67578125,200.55859375,352.4609375,311.61328125,1,OK,4.7767909,1.6472091,6.4542233,0,1.4210854715202e-14,18902,1326,
13,29,energy,15,Optimal,0,Successfully solved (Successfully solved (INTLINPROG)),9884,9520,0,1,1,worker-reported-pid,0,NaN,0.05,243,105,507.3984375,406.46875,668.078125,528.5390625,862.9140625,727.7734375,862.9140625,727.7734375,862.9140625,727.7734375,862.9140625,727.7734375,194.8359375,199.234375,355.515625,321.3046875,1,OK,4.782831,1.68116900000001,6.4916503,0,1.4210854715202e-14,18902,1326,
13,29,energy,16,Optimal,0,Successfully solved (Successfully solved (INTLINPROG)),10108,23708,0,1,1,worker-reported-pid,0,NaN,0.05,257,106,507.15234375,406.28125,666.58203125,526.83203125,867.828125,732.96875,867.828125,732.96875,867.828125,732.96875,867.828125,732.96875,201.24609375,206.13671875,360.67578125,326.6875,1,OK,4.9308248,1.7081752,6.6643436,0,1.4210854715202e-14,18902,1326,
13,29,energy,17,Optimal,0,Successfully solved (Successfully solved (INTLINPROG)),33784,21532,0,1,1,worker-reported-pid,0,NaN,0.05,231,104,506.84375,407.88671875,665.265625,525.19921875,863.50390625,727.32421875,863.50390625,727.32421875,863.50390625,727.32421875,863.50390625,727.32421875,198.23828125,202.125,356.66015625,319.4375,1,OK,4.8395186,1.6634814,6.529691,0,1.4210854715202e-14,18902,1326,
13,29,energy,18,Optimal,0,Successfully solved (Successfully solved (INTLINPROG)),33068,25148,0,1,1,worker-reported-pid,0,NaN,0.05,252,113,510.203125,411.41015625,665.203125,525.37890625,864.90625,729.9765625,864.90625,729.9765625,864.90625,729.9765625,864.90625,729.9765625,199.703125,204.59765625,354.703125,318.56640625,1,OK,5.2950105,1.6929895,7.0181109,0,1.4210854715202e-14,18902,1326,
13,29,energy,19,Optimal,0,Successfully solved (Successfully solved (INTLINPROG)),31288,14628,0,1,1,worker-reported-pid,0,NaN,0.05,249,105,508.82421875,410.79296875,668.03515625,528.20703125,870.78515625,737.08203125,870.78515625,737.08203125,870.78515625,737.08203125,870.78515625,737.08203125,202.75,208.875,361.9609375,326.2890625,1,OK,4.8293091,1.6906909,6.5456804,0,1.4210854715202e-14,18902,1326,
13,29,energy,20,Optimal,0,Successfully solved (Successfully solved (INTLINPROG)),32164,32180,0,1,1,worker-reported-pid,0,NaN,0.05,265,105,509.10546875,411.4140625,667.99609375,528.02734375,872.375,738.20703125,872.375,738.20703125,872.375,738.20703125,872.375,738.20703125,204.37890625,210.1796875,363.26953125,326.79296875,1,OK,4.8615649,1.6714351,6.5587299,0,1.4210854715202e-14,18902,1326,
13,29,time,1,Optimal,0,Successfully solved (Successfully solved (INTLINPROG)),31796,27684,0,1,1,worker-reported-pid,0,NaN,0.05,271,143,509.02734375,411.28125,664.8203125,525.77734375,866.23828125,738.13671875,866.23828125,738.13671875,866.23828125,738.13671875,866.23828125,738.13671875,201.41796875,212.359375,357.2109375,326.85546875,1,OK,7.2804618,1.6405382,8.947312,0,0,18902,1326,
13,29,time,2,Optimal,0,Successfully solved (Successfully solved (INTLINPROG)),31796,28312,0,1,1,worker-reported-pid,0,NaN,0.05,133,77,510.375,413.40234375,665.5390625,525.4296875,871.24609375,743.16796875,871.24609375,743.16796875,871.24609375,743.16796875,871.24609375,743.16796875,205.70703125,217.73828125,360.87109375,329.765625,1,OK,4.2557078,0.522292200000001,4.7907312,0,0,18902,1326,
13,29,time,3,Optimal,0,Successfully solved (Successfully solved (INTLINPROG)),4400,16008,0,1,1,worker-reported-pid,0,NaN,0.05,155,86,506.5078125,406.12890625,665.1328125,525.5078125,866.91796875,745.82421875,866.91796875,745.82421875,866.91796875,745.82421875,866.91796875,745.82421875,201.78515625,220.31640625,360.41015625,339.6953125,1,OK,4.769036,0.572963999999999,5.3565762,0,0,18902,1326,
13,29,time,4,Optimal,0,Successfully solved (Successfully solved (INTLINPROG)),15924,27600,0,1,1,worker-reported-pid,0,NaN,0.05,159,89,507.703125,409.859375,665.87109375,526.16796875,865.35546875,740.171875,865.35546875,740.171875,865.35546875,740.171875,865.35546875,740.171875,199.484375,214.00390625,357.65234375,330.3125,1,OK,4.9414831,0.606516900000002,5.5641827,0,0,18902,1326,
13,29,time,5,Optimal,0,Successfully solved (Successfully solved (INTLINPROG)),5324,11000,0,1,1,worker-reported-pid,0,NaN,0.05,161,89,508.140625,407.984375,666.96484375,527.25390625,867.57421875,745.1640625,867.57421875,745.1640625,867.57421875,745.1640625,867.57421875,745.1640625,200.609375,217.91015625,359.43359375,337.1796875,1,OK,4.8488816,0.697118399999999,5.5639888,0,0,18902,1326,
13,29,time,6,Optimal,0,Successfully solved (Successfully solved (INTLINPROG)),21956,18720,0,1,1,worker-reported-pid,0,NaN,0.05,144,83,505.47265625,405.47265625,664.69140625,525.25,871.35546875,741.76171875,871.35546875,741.76171875,871.35546875,741.76171875,871.35546875,741.76171875,206.6640625,216.51171875,365.8828125,336.2890625,1,OK,4.5635358,0.554464199999995,5.1328973,0,0,18902,1326,
13,29,time,7,Optimal,0,Successfully solved (Successfully solved (INTLINPROG)),32024,16228,0,1,1,worker-reported-pid,0,NaN,0.05,144,82,509.5703125,414.3359375,667.41015625,527.6796875,874.4140625,741.93359375,874.4140625,741.93359375,874.4140625,741.93359375,874.4140625,741.93359375,207.00390625,214.25390625,364.84375,327.59765625,1,OK,4.5579412,0.5590588,5.1321544,0,0,18902,1326,
13,29,time,8,Optimal,0,Successfully solved (Successfully solved (INTLINPROG)),19656,20468,0,1,1,worker-reported-pid,0,NaN,0.05,144,82,508.21484375,410.58203125,665.703125,526.2734375,870.5546875,743.1796875,870.5546875,743.1796875,870.5546875,743.1796875,870.5546875,743.1796875,204.8515625,216.90625,362.33984375,332.59765625,1,OK,4.5131524,0.557847599999998,5.0864888,0,0,18902,1326,
13,29,time,9,Optimal,0,Successfully solved (Successfully solved (INTLINPROG)),26632,22588,0,1,1,worker-reported-pid,0,NaN,0.05,137,79,506.4609375,408.15234375,663.3515625,523.79296875,862.79296875,740.609375,862.79296875,740.609375,862.79296875,740.609375,862.79296875,740.609375,199.44140625,216.81640625,356.33203125,332.45703125,1,OK,4.3909962,0.530003800000003,4.9351942,0,0,18902,1326,
13,29,time,10,Optimal,0,Successfully solved (Successfully solved (INTLINPROG)),2276,23548,0,1,1,worker-reported-pid,0,NaN,0.05,285,149,506.26953125,403.09375,665.125,525.171875,869.60546875,736.7890625,869.60546875,736.7890625,869.60546875,736.7890625,869.60546875,736.7890625,204.48046875,211.6171875,363.3359375,333.6953125,1,OK,7.61375,1.69025,9.3298028,0,0,18902,1326,
13,29,time,11,Optimal,0,Successfully solved (Successfully solved (INTLINPROG)),32668,20636,0,1,1,worker-reported-pid,0,NaN,0.05,288,145,507.65625,404.2890625,668.40234375,528.234375,875.390625,742.3359375,875.390625,742.3359375,875.390625,742.3359375,875.390625,742.3359375,206.98828125,214.1015625,367.734375,338.046875,1,OK,7.4374261,1.6175739,9.0841338,0,0,18902,1326,
13,29,time,12,Optimal,0,Successfully solved (Successfully solved (INTLINPROG)),30820,28116,0,1,1,worker-reported-pid,0,NaN,0.05,277,143,506.453125,407.796875,664.44921875,524.8125,866.45703125,743.68359375,866.45703125,743.68359375,866.45703125,743.68359375,866.45703125,743.68359375,202.0078125,218.87109375,360.00390625,335.88671875,1,OK,7.3073526,1.6356474,8.9688374,0,0,18902,1326,
13,29,time,13,Optimal,0,Successfully solved (Successfully solved (INTLINPROG)),34204,13464,0,1,1,worker-reported-pid,0,NaN,0.05,303,149,510.4296875,412.73828125,666.9765625,527.5703125,869.30078125,748.63671875,869.30078125,748.63671875,869.30078125,748.63671875,869.30078125,748.63671875,202.32421875,221.06640625,358.87109375,335.8984375,1,OK,7.526101,1.707899,9.2593137,0,0,18902,1326,
13,29,time,14,Optimal,0,Successfully solved (Successfully solved (INTLINPROG)),1304,33496,0,1,1,worker-reported-pid,0,NaN,0.05,290,148,507.39453125,407.8125,667.43359375,527.8203125,872.25,743.421875,872.25,743.421875,872.25,743.421875,872.25,743.421875,204.81640625,215.6015625,364.85546875,335.609375,1,OK,7.5074693,1.6875307,9.2239859,0,0,18902,1326,
13,29,time,15,Optimal,0,Successfully solved (Successfully solved (INTLINPROG)),16704,3708,0,1,1,worker-reported-pid,0,NaN,0.05,287,148,506.02734375,406.38671875,665.9375,526.1328125,870.0546875,741.9921875,870.0546875,741.9921875,870.0546875,741.9921875,870.0546875,741.9921875,204.1171875,215.859375,364.02734375,335.60546875,1,OK,7.4511398,1.7328602,9.2118482,0,0,18902,1326,
13,29,time,16,Optimal,0,Successfully solved (Successfully solved (INTLINPROG)),24296,32060,0,1,1,worker-reported-pid,0,NaN,0.05,290,149,507.27734375,406.765625,667.60546875,527.76171875,868.3671875,740.1015625,868.3671875,740.1015625,868.3671875,740.1015625,868.3671875,740.1015625,200.76171875,212.33984375,361.08984375,333.3359375,1,OK,7.6144757,1.6685243,9.3088141,0,0,18902,1326,
13,29,time,17,Optimal,0,Successfully solved (Successfully solved (INTLINPROG)),31236,33940,0,1,1,worker-reported-pid,0,NaN,0.05,298,144,509.078125,409.63671875,665.74609375,526.24609375,866.12109375,741.5703125,866.12109375,741.5703125,866.12109375,741.5703125,866.12109375,741.5703125,200.375,215.32421875,357.04296875,331.93359375,1,OK,7.2986365,1.6523635,8.9765012,0,0,18902,1326,
13,29,time,18,Optimal,0,Successfully solved (Successfully solved (INTLINPROG)),32348,26936,0,1,1,worker-reported-pid,0,NaN,0.05,290,148,509.01953125,408.5859375,665.53125,525.3828125,869.89453125,742.8203125,869.89453125,742.8203125,869.89453125,742.8203125,869.89453125,742.8203125,204.36328125,217.4375,360.875,334.234375,1,OK,7.5461688,1.6548312,9.2282006,0,0,18902,1326,
13,29,time,19,Optimal,0,Successfully solved (Successfully solved (INTLINPROG)),24568,28772,0,1,1,worker-reported-pid,0,NaN,0.05,305,144,508.76953125,410.4296875,664.3671875,524.97265625,870.65234375,743.61328125,870.65234375,743.61328125,870.65234375,743.61328125,870.65234375,743.61328125,206.28515625,218.640625,361.8828125,333.18359375,1,OK,7.3577081,1.6342919,9.0195417,0,0,18902,1326,
13,29,time,20,Optimal,0,Successfully solved (Successfully solved (INTLINPROG)),7096,4728,0,1,1,worker-reported-pid,0,NaN,0.05,290,146,507.74609375,409.32421875,669.69140625,529.71484375,870.2265625,748.9375,870.2265625,748.9375,870.2265625,748.9375,870.2265625,748.9375,200.53515625,219.22265625,362.48046875,339.61328125,1,OK,7.5272783,1.5987217,9.151948,0,0,18902,1326,
14,35,cost,1,Optimal,0,Successfully solved (Successfully solved (INTLINPROG)),28640,10604,0,1,1,worker-reported-pid,0,NaN,0.05,834,689,512.453125,418.68359375,674.76171875,533.40234375,922.8515625,801.7578125,922.8515625,801.7578125,922.8515625,801.7578125,922.8515625,801.7578125,248.08984375,268.35546875,410.3984375,383.07421875,1,OK,41.2892901,1.7667099,43.0817128,0,0,21714,1428,
14,35,cost,2,Optimal,0,Successfully solved (Successfully solved (INTLINPROG)),26948,12900,0,1,1,worker-reported-pid,0,NaN,0.05,434,374,508.0546875,414.58984375,666.74609375,525.37109375,914.10546875,794.19921875,914.10546875,794.19921875,914.10546875,794.19921875,914.10546875,794.19921875,247.359375,268.828125,406.05078125,379.609375,1,OK,22.7839792,0.537020800000001,23.3341618,0,0,21714,1428,
14,35,cost,3,Optimal,0,Successfully solved (Successfully solved (INTLINPROG)),33404,26740,0,1,1,worker-reported-pid,0,NaN,0.05,465,398,507.4921875,407.0546875,668.4765625,527.1484375,912.40625,777.25390625,912.40625,777.25390625,912.40625,777.25390625,912.40625,777.25390625,243.9296875,250.10546875,404.9140625,370.19921875,1,OK,24.2878717,0.584128300000003,24.8882227,0,0,21714,1428,
14,35,cost,4,Optimal,0,Successfully solved (Successfully solved (INTLINPROG)),27880,4496,0,1,1,worker-reported-pid,0,NaN,0.05,480,409,509.37109375,411.98046875,670.734375,529.37109375,917.01953125,784.7734375,917.01953125,784.7734375,917.01953125,784.7734375,917.01953125,784.7734375,246.28515625,255.40234375,407.6484375,372.79296875,1,OK,24.8866847,0.6543153,25.5552329,0,0,21714,1428,
14,35,cost,5,Optimal,0,Successfully solved (Successfully solved (INTLINPROG)),22448,31328,0,1,1,worker-reported-pid,0,NaN,0.05,463,397,508.77734375,408.484375,670.43359375,529.296875,914.48828125,784.359375,914.48828125,784.359375,914.48828125,784.359375,914.48828125,784.359375,244.0546875,255.0625,405.7109375,375.875,1,OK,24.2324469,0.580553100000003,24.8288939,0,0,21714,1428,
14,35,cost,6,Optimal,0,Successfully solved (Successfully solved (INTLINPROG)),23016,32664,0,1,1,worker-reported-pid,0,NaN,0.05,460,394,508.4921875,408.296875,669.5390625,528.10546875,919.73046875,783.88671875,919.73046875,783.88671875,919.73046875,783.88671875,919.73046875,783.88671875,250.19140625,255.78125,411.23828125,375.58984375,1,OK,24.0144927,0.583507300000001,24.6127678,0,0,21714,1428,
14,35,cost,7,Optimal,0,Successfully solved (Successfully solved (INTLINPROG)),23008,33192,0,1,1,worker-reported-pid,0,NaN,0.05,462,396,507.078125,407.83984375,669.92578125,528.59375,917.75,799.1328125,917.75,799.1328125,917.75,799.1328125,917.75,799.1328125,247.82421875,270.5390625,410.671875,391.29296875,1,OK,24.0941455,0.575854500000002,24.6849376,0,0,21714,1428,
14,35,cost,8,Optimal,0,Successfully solved (Successfully solved (INTLINPROG)),29004,16060,0,1,1,worker-reported-pid,0,NaN,0.05,465,397,506.2734375,406.3046875,668.02734375,526.85546875,915.13671875,796.56640625,915.13671875,796.56640625,915.13671875,796.56640625,915.13671875,796.56640625,247.109375,269.7109375,408.86328125,390.26171875,1,OK,24.1707571,0.581242899999996,24.7678207,0,0,21714,1428,
14,35,cost,9,Optimal,0,Successfully solved (Successfully solved (INTLINPROG)),32348,24764,0,1,1,worker-reported-pid,0,NaN,0.05,447,384,508.8203125,410.125,669.8984375,528.875,914.52734375,784.1328125,914.52734375,784.1328125,914.52734375,784.1328125,914.52734375,784.1328125,244.62890625,255.2578125,405.70703125,374.0078125,1,OK,23.4097146,0.555285400000002,23.9807072,0,0,21714,1428,
14,35,cost,10,Optimal,0,Successfully solved (Successfully solved (INTLINPROG)),10708,28424,0,1,1,worker-reported-pid,0,NaN,0.05,466,398,506.76953125,406.0390625,668.86328125,527.3125,912.328125,797.08984375,912.328125,797.08984375,912.328125,797.08984375,912.328125,797.08984375,243.46484375,269.77734375,405.55859375,391.05078125,1,OK,24.1917394,0.590260600000001,24.795756,0,0,21714,1428,
14,35,cost,11,Optimal,0,Successfully solved (Successfully solved (INTLINPROG)),28320,11492,0,1,1,worker-reported-pid,0,NaN,0.05,865,687,506.734375,405.71484375,664.86328125,524.0390625,914.9375,781.671875,914.9375,781.671875,914.9375,781.671875,914.9375,781.671875,250.07421875,257.6328125,408.203125,375.95703125,1,OK,41.1677861,1.7842139,42.9772834,0,0,21714,1428,
14,35,cost,12,Optimal,0,Successfully solved (Successfully solved (INTLINPROG)),33436,33364,0,1,1,worker-reported-pid,0,NaN,0.05,855,699,505.80859375,403.71484375,668.81640625,527.3984375,917.5234375,787.015625,917.5234375,787.015625,917.5234375,787.015625,917.5234375,787.015625,248.70703125,259.6171875,411.71484375,383.30078125,1,OK,41.8242885,1.8587115,43.7096559,0,0,21714,1428,
14,35,cost,13,Optimal,0,Successfully solved (Successfully solved (INTLINPROG)),34544,33928,0,1,1,worker-reported-pid,0,NaN,0.05,846,687,509.49609375,411.4375,667.86328125,526.80859375,916.8515625,787.8984375,916.8515625,787.8984375,916.8515625,787.8984375,916.8515625,787.8984375,248.98828125,261.08984375,407.35546875,376.4609375,1,OK,41.1579005,1.6610995,42.8449862,0,0,21714,1428,
14,35,cost,14,Optimal,0,Successfully solved (Successfully solved (INTLINPROG)),25544,24400,0,1,1,worker-reported-pid,0,NaN,0.05,725,569,509.05859375,409.45703125,670.55078125,529.2265625,918.4921875,787.2578125,918.4921875,787.2578125,918.4921875,787.2578125,918.4921875,787.2578125,247.94140625,258.03125,409.43359375,377.80078125,1,OK,33.8251211,1.6538789,35.501613,0,0,21714,1428,
14,35,cost,15,Optimal,0,Successfully solved (Successfully solved (INTLINPROG)),30996,32268,0,1,1,worker-reported-pid,0,NaN,0.05,857,703,509.7734375,413.80078125,668.85546875,527.19921875,920.08984375,785.08203125,920.08984375,785.08203125,920.08984375,785.08203125,920.08984375,785.08203125,251.234375,257.8828125,410.31640625,371.28125,1,OK,42.1715626,1.7994374,44.0036316,0,0,21714,1428,
14,35,cost,16,Optimal,0,Successfully solved (Successfully solved (INTLINPROG)),25184,31080,0,1,1,worker-reported-pid,0,NaN,0.05,883,699,509.1171875,409.54296875,667.3671875,525.9375,914.54296875,786.45703125,914.54296875,786.45703125,914.54296875,786.45703125,914.54296875,786.45703125,247.17578125,260.51953125,405.42578125,376.9140625,1,OK,41.8848402,1.7971598,43.7091708,0,0,21714,1428,
14,35,cost,17,Optimal,0,Successfully solved (Successfully solved (INTLINPROG)),16552,33872,0,1,1,worker-reported-pid,0,NaN,0.05,828,686,507.875,407.5078125,670.21875,528.63671875,916.42578125,797.6953125,916.42578125,797.6953125,916.42578125,797.6953125,916.42578125,797.6953125,246.20703125,269.05859375,408.55078125,390.1875,1,OK,41.0469999,1.7460001,42.819968,0,0,21714,1428,
14,35,cost,18,Optimal,0,Successfully solved (Successfully solved (INTLINPROG)),11560,31096,0,1,1,worker-reported-pid,0,NaN,0.05,859,706,508.4375,409.796875,668.109375,527.0859375,918.99609375,789.21484375,918.99609375,789.21484375,918.99609375,789.21484375,918.99609375,789.21484375,250.88671875,262.12890625,410.55859375,379.41796875,1,OK,42.3542343,1.7307657,44.1114415,0,0,21714,1428,
14,35,cost,19,Optimal,0,Successfully solved (Successfully solved (INTLINPROG)),33496,29160,0,1,1,worker-reported-pid,0,NaN,0.05,879,705,505.984375,407.9921875,668.87109375,527.26953125,922.625,792.43359375,922.625,792.43359375,922.625,792.43359375,922.625,792.43359375,253.75390625,265.1640625,416.640625,384.44140625,1,OK,42.2205348,1.83846519999999,44.085648,0,0,21714,1428,
14,35,cost,20,Optimal,0,Successfully solved (Successfully solved (INTLINPROG)),32820,34392,0,1,1,worker-reported-pid,0,NaN,0.05,638,477,510.46484375,410.51953125,668.78125,527.7109375,918.6796875,788.46875,918.6796875,788.46875,918.6796875,788.46875,918.6796875,788.46875,249.8984375,260.7578125,408.21484375,377.94921875,1,OK,27.6665614,2.0214386,29.7135015,0,0,21714,1428,
14,35,distance,1,Optimal,0,Successfully solved (Successfully solved (INTLINPROG)),32280,6720,0,1,1,worker-reported-pid,0,NaN,0.05,251,87,503.8359375,402.640625,665.15234375,524.30078125,878.67578125,744.703125,878.67578125,744.703125,878.67578125,744.703125,878.67578125,744.703125,213.5234375,220.40234375,374.83984375,342.0625,1,OK,3.6610763,1.7689237,5.457876,1.34382862557386e-05,6.51807333156285e-05,21714,1428,
14,35,distance,2,Optimal,0,Successfully solved (Successfully solved (INTLINPROG)),13272,26288,0,1,1,worker-reported-pid,0,NaN,0.05,102,40,506.4375,405.37890625,668.3046875,526.82421875,881.1953125,756.671875,881.1953125,756.671875,881.1953125,756.671875,881.1953125,756.671875,212.890625,229.84765625,374.7578125,351.29296875,1,OK,1.9479219,0.536078100000002,2.4974063,1.34382862557386e-05,6.51807333156285e-05,21714,1428,
14,35,distance,3,Optimal,0,Successfully solved (Successfully solved (INTLINPROG)),28652,28152,0,1,1,worker-reported-pid,0,NaN,0.05,111,44,507.484375,408.78515625,671.125,530.33203125,873.7421875,738.74609375,873.7421875,738.74609375,873.7421875,738.74609375,873.7421875,738.74609375,202.6171875,208.4140625,366.2578125,329.9609375,1,OK,2.1668347,0.5891653,2.7714332,1.34382862557386e-05,6.51807333156285e-05,21714,1428,
14,35,distance,4,Optimal,0,Successfully solved (Successfully solved (INTLINPROG)),10604,24236,0,1,1,worker-reported-pid,0,NaN,0.05,121,48,508.49609375,410.11328125,670.1875,529.1484375,880.58984375,758.48046875,880.58984375,758.48046875,880.58984375,758.48046875,880.58984375,758.48046875,210.40234375,229.33203125,372.09375,348.3671875,1,OK,2.264781,0.710219000000001,2.9923595,1.34382862557386e-05,6.51807333156285e-05,21714,1428,
14,35,distance,5,Optimal,0,Successfully solved (Successfully solved (INTLINPROG)),31664,21956,0,1,1,worker-reported-pid,0,NaN,0.05,110,44,507.9453125,408.69921875,668.98828125,528.33984375,869.51953125,734.31640625,869.51953125,734.31640625,869.51953125,734.31640625,869.51953125,734.31640625,200.53125,205.9765625,361.57421875,325.6171875,1,OK,2.1291676,0.5798324,2.7232373,1.34382862557386e-05,6.51807333156285e-05,21714,1428,
14,35,distance,6,Optimal,0,Successfully solved (Successfully solved (INTLINPROG)),23856,27896,0,1,1,worker-reported-pid,0,NaN,0.05,109,44,505.40234375,405.53515625,668.95703125,527.91015625,882.69140625,746,882.69140625,746,882.69140625,746,882.69140625,746,213.734375,218.08984375,377.2890625,340.46484375,1,OK,2.1478133,0.588186700000001,2.7504438,1.34382862557386e-05,6.51807333156285e-05,21714,1428,
14,35,distance,7,Optimal,0,Successfully solved (Successfully solved (INTLINPROG)),2536,24496,0,1,1,worker-reported-pid,0,NaN,0.05,109,43,509.00390625,412.59375,670.26171875,529.61328125,882.35546875,746.07421875,882.35546875,746.07421875,882.35546875,746.07421875,882.35546875,746.07421875,212.09375,216.4609375,373.3515625,333.48046875,1,OK,2.1451436,0.579856399999998,2.7387934,1.34382862557386e-05,6.51807333156285e-05,21714,1428,
14,35,distance,8,Optimal,0,Successfully solved (Successfully solved (INTLINPROG)),25356,33636,0,1,1,worker-reported-pid,0,NaN,0.05,113,44,506.94140625,408.0234375,669.078125,528.30078125,875.15625,751.3359375,875.15625,751.3359375,875.15625,751.3359375,875.15625,751.3359375,206.078125,223.03515625,368.21484375,343.3125,1,OK,2.145318,0.574681999999999,2.7349241,1.34382862557386e-05,6.51807333156285e-05,21714,1428,
14,35,distance,9,Optimal,0,Successfully solved (Successfully solved (INTLINPROG)),31788,33416,0,1,1,worker-reported-pid,0,NaN,0.05,107,43,508.73046875,415.26953125,668.32421875,527.26953125,869.87890625,734.27734375,869.87890625,734.27734375,869.87890625,734.27734375,869.87890625,734.27734375,201.5546875,207.0078125,361.1484375,319.0078125,1,OK,2.087191,0.564808999999994,2.6653099,1.34382862557386e-05,6.51807333156285e-05,21714,1428,
14,35,distance,10,Optimal,0,Successfully solved (Successfully solved (INTLINPROG)),18320,26524,0,1,1,worker-reported-pid,0,NaN,0.05,112,45,509.34765625,408.40625,670.75390625,529.4921875,873.72265625,736.97265625,873.72265625,736.97265625,873.72265625,736.97265625,873.72265625,736.97265625,202.96875,207.48046875,364.375,328.56640625,1,OK,2.1841078,0.6178922,2.8159637,1.34382862557386e-05,6.51807333156285e-05,21714,1428,
14,35,distance,11,Optimal,0,Successfully solved (Successfully solved (INTLINPROG)),12364,3324,0,1,1,worker-reported-pid,0,NaN,0.05,245,86,510.91796875,403.578125,670.8515625,533.7265625,884.34765625,754.2734375,884.34765625,754.2734375,884.34765625,754.2734375,884.34765625,754.2734375,213.49609375,220.546875,373.4296875,350.6953125,1,OK,3.6475774,1.6944226,5.3697986,1.34382862557386e-05,6.51807333156285e-05,21714,1428,
14,35,distance,12,Optimal,0,Successfully solved (Successfully solved (INTLINPROG)),24400,4764,0,1,1,worker-reported-pid,0,NaN,0.05,240,90,507.08984375,406.140625,669.546875,528.6875,871.73828125,735.90625,871.73828125,735.90625,871.73828125,735.90625,871.73828125,735.90625,202.19140625,207.21875,364.6484375,329.765625,1,OK,3.7921401,1.7528599,5.5731071,1.34382862557386e-05,6.51807333156285e-05,21714,1428,
14,35,distance,13,Optimal,0,Successfully solved (Successfully solved (INTLINPROG)),34500,5532,0,1,1,worker-reported-pid,0,NaN,0.05,247,86,510.46875,412.9375,669.55859375,527.9375,875.265625,740.15234375,875.265625,740.15234375,875.265625,740.15234375,875.265625,740.15234375,205.70703125,212.21484375,364.796875,327.21484375,1,OK,3.5942338,1.7567662,5.3780605,1.34382862557386e-05,6.51807333156285e-05,21714,1428,
14,35,distance,14,Optimal,0,Successfully solved (Successfully solved (INTLINPROG)),6720,31528,0,1,1,worker-reported-pid,0,NaN,0.05,243,86,512.1796875,412.375,669.703125,528.25,874.75390625,740.93359375,874.75390625,740.93359375,874.75390625,740.93359375,874.75390625,740.93359375,205.05078125,212.68359375,362.57421875,328.55859375,1,OK,3.6282888,1.7167112,5.3719992,1.34382862557386e-05,6.51807333156285e-05,21714,1428,
14,35,distance,15,Optimal,0,Successfully solved (Successfully solved (INTLINPROG)),33120,13464,0,1,1,worker-reported-pid,0,NaN,0.05,238,87,510.21875,417.83203125,669.2109375,528.2421875,880.12109375,746.10546875,880.12109375,746.10546875,880.12109375,746.10546875,880.12109375,746.10546875,210.91015625,217.86328125,369.90234375,328.2734375,1,OK,3.6486418,1.7453582,5.4206708,1.34382862557386e-05,6.51807333156285e-05,21714,1428,
14,35,distance,16,Optimal,0,Successfully solved (Successfully solved (INTLINPROG)),18948,31260,0,1,1,worker-reported-pid,0,NaN,0.05,257,94,508.69140625,408.375,667.8046875,526.79296875,881.9140625,747.2421875,881.9140625,747.2421875,881.9140625,747.2421875,881.9140625,747.2421875,214.109375,220.44921875,373.22265625,338.8671875,1,OK,3.9067268,1.9282732,5.8613599,1.34382862557386e-05,6.51807333156285e-05,21714,1428,
14,35,distance,17,Optimal,0,Successfully solved (Successfully solved (INTLINPROG)),8268,24072,0,1,1,worker-reported-pid,0,NaN,0.05,229,85,508.4140625,409.05078125,668.859375,527.64453125,873.23828125,739.21484375,873.23828125,739.21484375,873.23828125,739.21484375,873.23828125,739.21484375,204.37890625,211.5703125,364.82421875,330.1640625,1,OK,3.5024114,1.7685886,5.2972832,1.34382862557386e-05,6.51807333156285e-05,21714,1428,
14,35,distance,18,Optimal,0,Successfully solved (Successfully solved (INTLINPROG)),34088,27012,0,1,1,worker-reported-pid,0,NaN,0.05,270,86,510.90234375,413.74609375,667.78125,526.625,881.53125,747.21484375,881.53125,747.21484375,881.53125,747.21484375,881.53125,747.21484375,213.75,220.58984375,370.62890625,333.46875,1,OK,3.7064164,1.6455836,5.3784702,1.34382862557386e-05,6.51807333156285e-05,21714,1428,
14,35,distance,19,Optimal,0,Successfully solved (Successfully solved (INTLINPROG)),25216,15160,0,1,1,worker-reported-pid,0,NaN,0.05,249,85,509.4296875,410.078125,669.92578125,527.8046875,883.609375,748.40234375,883.609375,748.40234375,883.609375,748.40234375,883.609375,748.40234375,213.68359375,220.59765625,374.1796875,338.32421875,1,OK,3.5737392,1.7512608,5.3503031,1.34382862557386e-05,6.51807333156285e-05,21714,1428,
14,35,distance,20,Optimal,0,Successfully solved (Successfully solved (INTLINPROG)),27268,28452,0,1,1,worker-reported-pid,0,NaN,0.05,241,86,510.5078125,414,672.1796875,530.609375,869.55078125,746.35546875,869.55078125,746.35546875,869.55078125,746.35546875,869.55078125,746.35546875,197.37109375,215.74609375,359.04296875,332.35546875,1,OK,3.6072116,1.7367884,5.3711723,1.34382862557386e-05,6.51807333156285e-05,21714,1428,
14,35,energy,1,Optimal,0,Successfully solved (Successfully solved (INTLINPROG)),22840,33080,0,1,1,worker-reported-pid,0,NaN,0.05,266,118,508.16796875,408.93359375,668.0078125,527.10546875,912.2265625,782.72265625,912.2265625,782.72265625,912.2265625,782.72265625,912.2265625,782.72265625,244.21875,255.6171875,404.05859375,373.7890625,1,OK,5.6646039,1.7233961,7.4132537,0,0,21714,1428,
14,35,energy,2,Optimal,0,Successfully solved (Successfully solved (INTLINPROG)),11260,24016,0,1,1,worker-reported-pid,0,NaN,0.05,123,63,508.8671875,411.95703125,668.390625,526.53125,904.8359375,789.15625,904.8359375,789.15625,904.8359375,789.15625,904.8359375,789.15625,236.4453125,262.625,395.96875,377.19921875,1,OK,3.3510657,0.5279343,3.8927479,0,0,21714,1428,
14,35,energy,3,Optimal,0,Successfully solved (Successfully solved (INTLINPROG)),33032,2456,0,1,1,worker-reported-pid,0,NaN,0.05,185,73,508.796875,408.31640625,669.57421875,528.3203125,912.5234375,792.66015625,912.5234375,792.66015625,912.5234375,792.66015625,912.5234375,792.66015625,242.94921875,264.33984375,403.7265625,384.34375,1,OK,3.8712299,0.631770099999999,4.5170527,0,0,21714,1428,
14,35,energy,4,Optimal,0,Successfully solved (Successfully solved (INTLINPROG)),4192,16564,0,1,1,worker-reported-pid,0,NaN,0.05,137,69,509.26171875,409.09375,669.1015625,528.23828125,916.26953125,786.21484375,916.26953125,786.21484375,916.26953125,786.21484375,916.26953125,786.21484375,247.16796875,257.9765625,407.0078125,377.12109375,1,OK,3.7067213,0.597278699999999,4.3184577,0,0,21714,1428,
14,35,energy,5,Optimal,0,Successfully solved (Successfully solved (INTLINPROG)),23008,10256,0,1,1,worker-reported-pid,0,NaN,0.05,134,67,506.515625,405.984375,667.37890625,526.55859375,917.8359375,788.66015625,917.8359375,788.66015625,917.8359375,788.66015625,917.8359375,788.66015625,250.45703125,262.1015625,411.3203125,382.67578125,1,OK,3.6356285,0.578371499999998,4.2277404,0,0,21714,1428,
14,35,energy,6,Optimal,0,Successfully solved (Successfully solved (INTLINPROG)),19740,25324,0,1,1,worker-reported-pid,0,NaN,0.05,135,68,510.5546875,412.7109375,673.16796875,532.0390625,922.140625,805.52734375,922.140625,805.52734375,922.140625,805.52734375,922.140625,805.52734375,248.97265625,273.48828125,411.5859375,392.81640625,1,OK,3.6621104,0.583889599999999,4.2602469,0,0,21714,1428,
14,35,energy,7,Optimal,0,Successfully solved (Successfully solved (INTLINPROG)),26864,19788,0,1,1,worker-reported-pid,0,NaN,0.05,138,69,509.33984375,412.69140625,668.78515625,527.07421875,915.64453125,797.60546875,915.64453125,797.60546875,915.64453125,797.60546875,915.64453125,797.60546875,246.859375,270.53125,406.3046875,384.9140625,1,OK,3.6720918,0.5899082,4.2763441,0,0,21714,1428,
14,35,energy,8,Optimal,0,Successfully solved (Successfully solved (INTLINPROG)),27068,32324,0,1,1,worker-reported-pid,0,NaN,0.05,138,71,509.9296875,414.8046875,666.81640625,525.5546875,910.4921875,778.96484375,910.4921875,778.96484375,910.4921875,778.96484375,910.4921875,778.96484375,243.67578125,253.41015625,400.5625,364.16015625,1,OK,3.8004597,0.594540299999996,4.4097602,0,0,21714,1428,
14,35,energy,9,Optimal,0,Successfully solved (Successfully solved (INTLINPROG)),13272,25172,0,1,1,worker-reported-pid,0,NaN,0.05,126,65,505.92578125,405.66015625,666.54296875,525.69140625,907.7890625,788.66796875,907.7890625,788.66796875,907.7890625,788.66796875,907.7890625,788.66796875,241.24609375,262.9765625,401.86328125,383.0078125,1,OK,3.4873966,0.551603400000002,4.0525124,0,0,21714,1428,
14,35,energy,10,Optimal,0,Successfully solved (Successfully solved (INTLINPROG)),32816,15512,0,1,1,worker-reported-pid,0,NaN,0.05,135,68,508.171875,409.4453125,669.125,527.8203125,907.0703125,787.92578125,907.0703125,787.92578125,907.0703125,787.92578125,907.0703125,787.92578125,237.9453125,260.10546875,398.8984375,378.48046875,1,OK,3.646745,0.588254999999999,4.2484262,0,0,21714,1428,
14,35,energy,11,Optimal,0,Successfully solved (Successfully solved (INTLINPROG)),6776,28536,0,1,1,worker-reported-pid,0,NaN,0.05,282,128,508.265625,407.53515625,671.3671875,530.0625,919.4296875,790.23046875,919.4296875,790.23046875,919.4296875,790.23046875,919.4296875,790.23046875,248.0625,260.16796875,411.1640625,382.6953125,1,OK,6.2314116,1.7215884,7.9837313,0,0,21714,1428,
14,35,energy,12,Optimal,0,Successfully solved (Successfully solved (INTLINPROG)),33148,33160,0,1,1,worker-reported-pid,0,NaN,0.05,288,130,507.35546875,410.15234375,665.8828125,525.17578125,906.5078125,775.4609375,906.5078125,775.4609375,906.5078125,775.4609375,906.5078125,775.4609375,240.625,250.28515625,399.15234375,365.30859375,1,OK,6.285572,1.793428,8.1065323,0,0,21714,1428,
14,35,energy,13,Optimal,0,Successfully solved (Successfully solved (INTLINPROG)),9292,32924,0,1,1,worker-reported-pid,0,NaN,0.05,288,122,511.015625,414.35546875,669.91015625,528.81640625,915.171875,785.3046875,915.171875,785.3046875,915.171875,785.3046875,915.171875,785.3046875,245.26171875,256.48828125,404.15625,370.94921875,1,OK,5.9129381,1.6890619,7.627202,0,0,21714,1428,
14,35,energy,14,Optimal,0,Successfully solved (Successfully solved (INTLINPROG)),33256,22224,0,1,1,worker-reported-pid,0,NaN,0.05,140,71,508.13671875,407.8984375,670.1328125,528.5,921.96484375,803.78515625,921.96484375,803.78515625,921.96484375,803.78515625,921.96484375,803.78515625,251.83203125,275.28515625,413.828125,395.88671875,1,OK,3.8418606,0.617139400000001,4.4756723,0,0,21714,1428,
14,35,energy,15,Optimal,0,Successfully solved (Successfully solved (INTLINPROG)),28080,6536,0,1,1,worker-reported-pid,0,NaN,0.05,293,132,508.2578125,410.30078125,668.96875,527.80078125,913.8828125,784.09765625,913.8828125,784.09765625,913.8828125,784.09765625,913.8828125,784.09765625,244.9140625,256.296875,405.625,373.796875,1,OK,6.3721002,1.8458998,8.2461851,0,0,21714,1428,
14,35,energy,16,Optimal,0,Successfully solved (Successfully solved (INTLINPROG)),21336,2404,0,1,1,worker-reported-pid,0,NaN,0.05,296,131,506.37890625,409.0703125,666.29296875,524.87109375,908,775.5390625,908,775.5390625,908,775.5390625,908,775.5390625,241.70703125,250.66796875,401.62109375,366.46875,1,OK,6.2715588,1.9254412,8.2265221,0,0,21714,1428,
14,35,energy,17,Optimal,0,Successfully solved (Successfully solved (INTLINPROG)),16644,33676,0,1,1,worker-reported-pid,0,NaN,0.05,299,134,505.515625,400.2578125,667.953125,526.8359375,917.6328125,787.99609375,917.6328125,787.99609375,917.6328125,787.99609375,917.6328125,787.99609375,249.6796875,261.16015625,412.1171875,387.73828125,1,OK,6.5163409,1.8026591,8.3500621,0,0,21714,1428,
14,35,energy,18,Optimal,0,Successfully solved (Successfully solved (INTLINPROG)),29788,2168,0,1,1,worker-reported-pid,0,NaN,0.05,297,128,506.671875,406.9375,664.671875,523.32421875,913.94140625,784.69140625,913.94140625,784.69140625,913.94140625,784.69140625,913.94140625,784.69140625,249.26953125,261.3671875,407.26953125,377.75390625,1,OK,6.2254852,1.7335148,7.9857999,0,0,21714,1428,
14,35,energy,19,Optimal,0,Successfully solved (Successfully solved (INTLINPROG)),25756,34588,0,1,1,worker-reported-pid,0,NaN,0.05,283,125,507.59375,407.78515625,667.3828125,525.98828125,911.9140625,781.9375,911.9140625,781.9375,911.9140625,781.9375,911.9140625,781.9375,244.53125,255.94921875,404.3203125,374.15234375,1,OK,6.0245838,1.7504162,7.8062186,0,0,21714,1428,
14,35,energy,20,Optimal,0,Successfully solved (Successfully solved (INTLINPROG)),32540,32836,0,1,1,worker-reported-pid,0,NaN,0.05,136,68,509.44140625,409.140625,669.7265625,529.0703125,917.59765625,787.2734375,917.59765625,787.2734375,917.59765625,787.2734375,917.59765625,787.2734375,247.87109375,258.203125,408.15625,378.1328125,1,OK,3.6604053,0.610594699999994,4.28431,0,0,21714,1428,
14,35,time,1,Optimal,0,Successfully solved (Successfully solved (INTLINPROG)),32560,26940,0,1,1,worker-reported-pid,0,NaN,0.05,303,154,505.9609375,405.4765625,667.25,525.99609375,909.85546875,780.57421875,909.85546875,780.57421875,909.85546875,780.57421875,909.85546875,780.57421875,242.60546875,254.578125,403.89453125,375.09765625,1,OK,7.8716392,1.7583608,9.6559628,0,0,21714,1428,
14,35,time,2,Optimal,0,Successfully solved (Successfully solved (INTLINPROG)),33744,31828,0,1,1,worker-reported-pid,0,NaN,0.05,139,80,508.08984375,408.2421875,667.5546875,526.22265625,915.23828125,783.10546875,915.23828125,783.10546875,915.23828125,783.10546875,915.23828125,783.10546875,247.68359375,256.8828125,407.1484375,374.86328125,1,OK,4.4346869,0.549313100000002,4.9970922,0,0,21714,1428,
14,35,time,3,Optimal,0,Successfully solved (Successfully solved (INTLINPROG)),25544,27412,0,1,1,worker-reported-pid,0,NaN,0.05,159,92,508.96484375,411.078125,669.046875,527.3359375,915.7265625,796.0234375,915.7265625,796.0234375,915.7265625,796.0234375,915.7265625,796.0234375,246.6796875,268.6875,406.76171875,384.9453125,1,OK,5.1380864,0.587913599999999,5.7405946,0,0,21714,1428,
14,35,time,4,Optimal,0,Successfully solved (Successfully solved (INTLINPROG)),24444,31140,0,1,1,worker-reported-pid,0,NaN,0.05,155,88,509.1015625,410.3046875,668.71484375,528.140625,901.828125,771.484375,901.828125,771.484375,901.828125,771.484375,901.828125,771.484375,233.11328125,243.34375,392.7265625,361.1796875,1,OK,4.8797248,0.5812752,5.4755481,0,0,21714,1428,
14,35,time,5,Optimal,0,Successfully solved (Successfully solved (INTLINPROG)),33056,33404,0,1,1,worker-reported-pid,0,NaN,0.05,152,86,509.37890625,410.30859375,671.8828125,530.44921875,918.90625,799.40234375,918.90625,799.40234375,918.90625,799.40234375,918.90625,799.40234375,247.0234375,268.953125,409.52734375,389.09375,1,OK,4.7395481,0.582451900000002,5.3371364,0,0,21714,1428,
14,35,time,6,Optimal,0,Successfully solved (Successfully solved (INTLINPROG)),32836,32868,0,1,1,worker-reported-pid,0,NaN,0.05,154,86,506.80859375,407.78125,670.1484375,529.19140625,922.28125,792.39453125,922.28125,792.39453125,922.28125,792.39453125,922.28125,792.39453125,252.1328125,263.203125,415.47265625,384.61328125,1,OK,4.7857869,0.594213099999996,5.3950791,0,0,21714,1428,
14,35,time,7,Optimal,0,Successfully solved (Successfully solved (INTLINPROG)),33580,31284,0,1,1,worker-reported-pid,0,NaN,0.05,163,91,507.04296875,405.67578125,669.80078125,528.68359375,916.98828125,786.80859375,916.98828125,786.80859375,916.98828125,786.80859375,916.98828125,786.80859375,247.1875,258.125,409.9453125,381.1328125,1,OK,5.0497561,0.631243900000001,5.6971105,0,0,21714,1428,
14,35,time,8,Optimal,0,Successfully solved (Successfully solved (INTLINPROG)),32776,3736,0,1,1,worker-reported-pid,0,NaN,0.05,154,87,509.58203125,410.8046875,670.53125,529.5703125,914.81640625,786.5703125,914.81640625,786.5703125,914.81640625,786.5703125,914.81640625,786.5703125,244.28515625,257,405.234375,375.765625,1,OK,4.8247953,0.595204700000002,5.4350601,0,0,21714,1428,
14,35,time,9,Optimal,0,Successfully solved (Successfully solved (INTLINPROG)),9880,11108,0,1,1,worker-reported-pid,0,NaN,0.05,145,83,507.9375,409.109375,668.7578125,527.94140625,910.6640625,779.9375,910.6640625,779.9375,910.6640625,779.9375,910.6640625,779.9375,241.90625,251.99609375,402.7265625,370.828125,1,OK,4.6092832,0.563716800000002,5.1862745,0,0,21714,1428,
14,35,time,10,Optimal,0,Successfully solved (Successfully solved (INTLINPROG)),32552,3452,0,1,1,worker-reported-pid,0,NaN,0.05,153,86,509.09765625,410.9921875,667.8359375,526.65625,906.5859375,787.953125,906.5859375,787.953125,906.5859375,787.953125,906.5859375,787.953125,238.75,261.296875,397.48828125,376.9609375,1,OK,4.7289045,0.578095500000003,5.3210269,0,0,21714,1428,
14,35,time,11,Optimal,0,Successfully solved (Successfully solved (INTLINPROG)),15748,33204,0,1,1,worker-reported-pid,0,NaN,0.05,336,153,509.75,411.93359375,668.28125,526.65234375,913.21875,783.734375,913.21875,783.734375,913.21875,783.734375,913.21875,783.734375,244.9375,257.08203125,403.46875,371.80078125,1,OK,7.9179747,1.61202529999999,9.5576398,0,0,21714,1428,
14,35,time,12,Optimal,0,Successfully solved (Successfully solved (INTLINPROG)),32068,31968,0,1,1,worker-reported-pid,0,NaN,0.05,321,160,508.80078125,406.82421875,671.47265625,530.609375,917.8828125,788.31640625,917.8828125,788.31640625,917.8828125,788.31640625,917.8828125,788.31640625,246.41015625,257.70703125,409.08203125,381.4921875,1,OK,8.2079557,1.7890443,10.0228091,0,0,21714,1428,
14,35,time,13,Optimal,0,Successfully solved (Successfully solved (INTLINPROG)),27884,33900,0,1,1,worker-reported-pid,0,NaN,0.05,306,153,509.51953125,412.7734375,670.328125,529.40625,913.39453125,782.6484375,913.39453125,782.6484375,913.39453125,782.6484375,913.39453125,782.6484375,243.06640625,253.2421875,403.875,369.875,1,OK,7.7593128,1.7386872,9.5273482,0,0,21714,1428,
14,35,time,14,Optimal,0,Successfully solved (Successfully solved (INTLINPROG)),31860,26956,0,1,1,worker-reported-pid,0,NaN,0.05,158,88,509.54296875,409.59375,669.3671875,528.1484375,921.47265625,791.890625,921.47265625,791.890625,921.47265625,791.890625,921.47265625,791.890625,252.10546875,263.7421875,411.9296875,382.296875,1,OK,4.8983595,0.5896405,5.5031546,0,0,21714,1428,
14,35,time,15,Optimal,0,Successfully solved (Successfully solved (INTLINPROG)),34044,34100,0,1,1,worker-reported-pid,0,NaN,0.05,326,162,511.203125,413.08203125,668.51953125,527.0625,914.84765625,786.3125,914.84765625,786.3125,914.84765625,786.3125,914.84765625,786.3125,246.328125,259.25,403.64453125,373.23046875,1,OK,8.2553817,1.8236183,10.1061868,0,0,21714,1428,
14,35,time,16,Optimal,0,Successfully solved (Successfully solved (INTLINPROG)),33980,14960,0,1,1,worker-reported-pid,0,NaN,0.05,316,158,508.66015625,410.875,667.6171875,526.25,910.04296875,777.640625,910.04296875,777.640625,910.04296875,777.640625,910.04296875,777.640625,242.42578125,251.390625,401.3828125,366.765625,1,OK,7.9422042,1.8587958,9.8409428,0,0,21714,1428,
14,35,time,17,Optimal,0,Successfully solved (Successfully solved (INTLINPROG)),5884,33796,0,1,1,worker-reported-pid,0,NaN,0.05,303,156,511.4375,414.609375,672.84375,531.76171875,915.06640625,785.53515625,915.06640625,785.53515625,915.06640625,785.53515625,915.06640625,785.53515625,242.22265625,253.7734375,403.62890625,370.92578125,1,OK,7.9436652,1.7803348,9.7513676,0,0,21714,1428,
14,35,time,18,Optimal,0,Successfully solved (Successfully solved (INTLINPROG)),33772,33192,0,1,1,worker-reported-pid,0,NaN,0.05,322,159,506.63671875,404.51171875,669.03515625,527.98828125,908.7421875,777.28125,908.7421875,777.28125,908.7421875,777.28125,908.7421875,777.28125,239.70703125,249.29296875,402.10546875,372.76953125,1,OK,8.0505149,1.7944851,9.8723468,0,0,21714,1428,
14,35,time,19,Optimal,0,Successfully solved (Successfully solved (INTLINPROG)),32208,34000,0,1,1,worker-reported-pid,0,NaN,0.05,309,157,508.77734375,409.31640625,668.46484375,527.17578125,916.1171875,787.859375,916.1171875,787.859375,916.1171875,787.859375,916.1171875,787.859375,247.65234375,260.68359375,407.33984375,378.54296875,1,OK,8.0797477,1.7402523,9.8461895,0,0,21714,1428,
14,35,time,20,Optimal,0,Successfully solved (Successfully solved (INTLINPROG)),15884,34440,0,1,1,worker-reported-pid,0,NaN,0.05,153,86,509.8671875,412.99609375,669.1875,528.1640625,917.19921875,788.50390625,917.19921875,788.50390625,917.19921875,788.50390625,917.19921875,788.50390625,248.01171875,260.33984375,407.33203125,375.5078125,1,OK,4.7792106,0.6017894,5.3945294,0,0,21714,1428,
15,38,cost,1,Optimal,0,Successfully solved (Successfully solved (INTLINPROG)),30224,11260,0,1,1,worker-reported-pid,0,NaN,0.05,187,117,506.58984375,405.80859375,671.4921875,529.7109375,947.5,830.28125,947.5,830.28125,947.5,830.28125,947.5,830.28125,276.0078125,300.5703125,440.91015625,424.47265625,1,OK,11.4287516,0.591248399999996,12.0343488,0,0,24720,1530,
15,38,cost,2,Optimal,0,Successfully solved (Successfully solved (INTLINPROG)),12596,3160,0,1,1,worker-reported-pid,0,NaN,0.05,248,182,507.77734375,412.30859375,671.0703125,529.85546875,943.95703125,827.796875,943.95703125,827.796875,943.95703125,827.796875,943.95703125,827.796875,272.88671875,297.94140625,436.1796875,415.48828125,1,OK,10.7973834,0.557616600000005,11.3692243,0,0,24720,1530,
15,38,cost,3,Optimal,0,Successfully solved (Successfully solved (INTLINPROG)),5884,32324,0,1,1,worker-reported-pid,0,NaN,0.05,275,200,505.1953125,403.96484375,671.1328125,529.5234375,965.1875,850.91015625,965.1875,850.91015625,965.1875,850.91015625,965.1875,850.91015625,294.0546875,321.38671875,459.9921875,446.9453125,1,OK,11.7723008,0.657699199999996,12.4458682,0,0,24720,1530,
15,38,cost,4,Optimal,0,Successfully solved (Successfully solved (INTLINPROG)),8140,25520,0,1,1,worker-reported-pid,0,NaN,0.05,275,200,509.078125,410.578125,672.421875,530.90234375,957.91015625,844.92578125,957.91015625,844.92578125,957.91015625,844.92578125,957.91015625,844.92578125,285.48828125,314.0234375,448.83203125,434.34765625,1,OK,11.790793,0.691206999999999,12.4969923,0,0,24720,1530,
15,38,cost,5,Optimal,0,Successfully solved (Successfully solved (INTLINPROG)),33160,14628,0,1,1,worker-reported-pid,0,NaN,0.05,268,196,505.94921875,405.84765625,671.125,529.2421875,962.1328125,848.78125,962.1328125,848.78125,962.1328125,848.78125,962.1328125,848.78125,291.0078125,319.5390625,456.18359375,442.93359375,1,OK,11.5315066,0.687493399999997,12.2340498,0,0,24720,1530,
15,38,cost,6,Optimal,0,Successfully solved (Successfully solved (INTLINPROG)),13660,32188,0,1,1,worker-reported-pid,0,NaN,0.05,263,192,509.640625,413.74609375,672.28125,530.46484375,949.21875,832.08984375,949.21875,832.08984375,949.21875,832.08984375,949.21875,832.08984375,276.9375,301.625,439.578125,418.34375,1,OK,11.3584527,0.619547300000001,11.9930602,0,0,24720,1530,
15,38,cost,7,Optimal,0,Successfully solved (Successfully solved (INTLINPROG)),33744,19740,0,1,1,worker-reported-pid,0,NaN,0.05,262,191,508.1796875,409.29296875,671.70703125,530.16015625,963.3984375,849.6953125,963.3984375,849.6953125,963.3984375,849.6953125,963.3984375,849.6953125,291.69140625,319.53515625,455.21875,440.40234375,1,OK,11.3361254,0.613874599999995,11.9651577,0,0,24720,1530,
15,38,cost,8,Optimal,0,Successfully solved (Successfully solved (INTLINPROG)),24672,28584,0,1,1,worker-reported-pid,0,NaN,0.05,263,195,507.4453125,407.8984375,671.44921875,529.59765625,959.32421875,849.2109375,959.32421875,849.2109375,959.32421875,849.2109375,959.32421875,849.2109375,287.875,319.61328125,451.87890625,441.3125,1,OK,11.9261102,0.578889800000109,12.5199493,0,0,24720,1530,
15,38,cost,9,Optimal,0,Successfully solved (Successfully solved (INTLINPROG)),484,22704,0,1,1,worker-reported-pid,0,NaN,0.05,254,188,505.40234375,406.84375,669.91796875,528.33984375,960.23046875,848.19140625,960.23046875,848.19140625,960.23046875,848.19140625,960.23046875,848.19140625,290.3125,319.8515625,454.828125,441.34765625,1,OK,11.0913232,0.6006768,11.7060665,0,0,24720,1530,
15,38,cost,10,Optimal,0,Successfully solved (Successfully solved (INTLINPROG)),23748,24400,0,1,1,worker-reported-pid,0,NaN,0.05,314,242,507.47265625,408.484375,672.5078125,530.85546875,953.59765625,837.54296875,953.59765625,837.54296875,953.59765625,837.54296875,953.59765625,837.54296875,281.08984375,306.6875,446.125,429.05859375,1,OK,14.4649845,0.640015499999999,15.12271,0,0,24720,1530,
15,38,cost,11,Optimal,0,Successfully solved (Successfully solved (INTLINPROG)),6996,13600,0,1,1,worker-reported-pid,0,NaN,0.05,513,340,505.3984375,405.93359375,670.46484375,528.7265625,957.49609375,840.0078125,957.49609375,840.0078125,957.49609375,840.0078125,957.49609375,840.0078125,287.03125,311.28125,452.09765625,434.07421875,1,OK,19.4041732,1.7998268,21.2316741,0,0,24720,1530,
15,38,cost,12,Optimal,0,Successfully solved (Successfully solved (INTLINPROG)),26740,32932,0,1,1,worker-reported-pid,0,NaN,0.05,506,338,508.90625,411.6640625,671.140625,529.4453125,963.765625,849.984375,963.765625,849.984375,963.765625,849.984375,963.765625,849.984375,292.625,320.5390625,454.859375,438.3203125,1,OK,19.2337239,1.8242761,21.0851974,0,0,24720,1530,
15,38,cost,13,Optimal,0,Successfully solved (Successfully solved (INTLINPROG)),34156,31848,0,1,1,worker-reported-pid,0,NaN,0.05,507,341,506.1328125,410.515625,668.5703125,528.23828125,956.53125,842.8125,956.53125,842.8125,956.53125,842.8125,956.53125,842.8125,287.9609375,314.57421875,450.3984375,432.296875,1,OK,19.3226929,1.9413071,21.2932997,0,0,24720,1530,
15,38,cost,14,Optimal,0,Successfully solved (Successfully solved (INTLINPROG)),28364,33100,0,1,1,worker-reported-pid,0,NaN,0.05,267,192,509.6796875,409.2890625,674.48046875,532.875,965.96484375,851.99609375,965.96484375,851.99609375,965.96484375,851.99609375,965.96484375,851.99609375,291.484375,319.12109375,456.28515625,442.70703125,1,OK,11.3406418,0.608358199999998,11.9636243,0,0,24720,1530,
15,38,cost,15,Optimal,0,Successfully solved (Successfully solved (INTLINPROG)),34080,24624,0,1,1,worker-reported-pid,0,NaN,0.05,275,194,505.9140625,403.57421875,672.70703125,531.26953125,963.58203125,846.06640625,963.58203125,846.06640625,963.58203125,846.06640625,963.58203125,846.06640625,290.875,314.796875,457.66796875,442.4921875,1,OK,11.4822287,0.617771299999998,12.1143761,0,0,24720,1530,
15,38,cost,16,Optimal,0,Successfully solved (Successfully solved (INTLINPROG)),28100,9244,0,1,1,worker-reported-pid,0,NaN,0.05,378,257,506.63671875,407.72265625,669.63671875,528.3671875,956.0703125,843.26953125,956.0703125,843.26953125,956.0703125,843.26953125,956.0703125,843.26953125,286.43359375,314.90234375,449.43359375,435.546875,1,OK,15.4618081,0.601191900000002,16.0788597,0,0,24720,1530,
15,38,cost,17,Optimal,0,Successfully solved (Successfully solved (INTLINPROG)),30180,31284,0,1,1,worker-reported-pid,0,NaN,0.05,514,349,509.01953125,411.4296875,671.10546875,528.93359375,964.74609375,848.9296875,964.74609375,848.9296875,964.74609375,848.9296875,964.74609375,848.9296875,293.640625,319.99609375,455.7265625,437.5,1,OK,19.8344796,1.8925204,21.7548344,0,0,24720,1530,
15,38,cost,18,Optimal,0,Successfully solved (Successfully solved (INTLINPROG)),34304,11424,0,1,1,worker-reported-pid,0,NaN,0.05,525,345,506.78515625,406.2578125,670.6328125,529.47265625,948.34375,833.109375,948.34375,833.109375,948.34375,833.109375,948.34375,833.109375,277.7109375,303.63671875,441.55859375,426.8515625,1,OK,19.6326113,1.9273887,21.5895912,0,0,24720,1530,
15,38,cost,19,Optimal,0,Successfully solved (Successfully solved (INTLINPROG)),32496,10604,0,1,1,worker-reported-pid,0,NaN,0.05,507,336,506.453125,406.58984375,669.92578125,528.06640625,960.3125,842.328125,960.3125,842.328125,960.3125,842.328125,960.3125,842.328125,290.38671875,314.26171875,453.859375,435.73828125,1,OK,19.0351108,1.8558892,20.9167013,0,0,24720,1530,
15,38,cost,20,Optimal,0,Successfully solved (Successfully solved (INTLINPROG)),31328,34116,0,1,1,worker-reported-pid,0,NaN,0.05,307,230,508.38671875,410.17578125,673.2265625,531.42578125,954.92578125,838.18359375,954.92578125,838.18359375,954.92578125,838.18359375,954.92578125,838.18359375,281.69921875,306.7578125,446.5390625,428.0078125,1,OK,13.7744471,0.626552900000002,14.4187392,0,0,24720,1530,
15,38,distance,1,Optimal,0,Successfully solved (Successfully solved (INTLINPROG)),28152,30852,0,1,1,worker-reported-pid,0,NaN,0.05,240,83,507.8125,411.12890625,672.83984375,530.6640625,922.4765625,803.046875,922.4765625,803.046875,922.4765625,803.046875,922.4765625,803.046875,249.63671875,272.3828125,414.6640625,391.91796875,1,OK,3.2638043,1.8631957,5.1514996,0,0,24720,1530,
15,38,distance,2,Optimal,0,Successfully solved (Successfully solved (INTLINPROG)),32204,16060,0,1,1,worker-reported-pid,0,NaN,0.05,117,52,508.9609375,410.70703125,671.66015625,529.9140625,926.8125,807.98828125,926.8125,807.98828125,926.8125,807.98828125,926.8125,807.98828125,255.15234375,278.07421875,417.8515625,397.28125,1,OK,2.691831,0.566169000000003,3.271911,0,0,24720,1530,
15,38,distance,3,Optimal,0,Successfully solved (Successfully solved (INTLINPROG)),28132,11172,0,1,1,worker-reported-pid,0,NaN,0.05,134,59,506.1953125,405.76953125,670.984375,529.265625,929.30078125,810.98828125,929.30078125,810.98828125,929.30078125,810.98828125,929.30078125,810.98828125,258.31640625,281.72265625,423.10546875,405.21875,1,OK,3.0121622,0.645837800000001,3.67222,0,0,24720,1530,
15,38,distance,4,Optimal,0,Successfully solved (Successfully solved (INTLINPROG)),6164,17572,0,1,1,worker-reported-pid,0,NaN,0.05,130,57,510.7421875,412.53125,676.29296875,534.01171875,933.70703125,814.79296875,933.70703125,814.79296875,933.70703125,814.79296875,933.70703125,814.79296875,257.4140625,280.78125,422.96484375,402.26171875,1,OK,2.8964974,0.634502599999999,3.5454279,0,0,24720,1530,
15,38,distance,5,Optimal,0,Successfully solved (Successfully solved (INTLINPROG)),5324,32072,0,1,1,worker-reported-pid,0,NaN,0.05,128,57,507.65625,409.21875,672.515625,531.3515625,918.73828125,802.3125,918.73828125,802.3125,918.73828125,802.3125,918.73828125,802.3125,246.22265625,270.9609375,411.08203125,393.09375,1,OK,2.8910791,0.612920900000002,3.5182281,0,0,24720,1530,
15,38,distance,6,Optimal,0,Successfully solved (Successfully solved (INTLINPROG)),32068,7012,0,1,1,worker-reported-pid,0,NaN,0.05,128,56,508.96875,410.46875,674.03515625,532.5546875,928.38671875,809.265625,928.38671875,809.265625,928.38671875,809.265625,928.38671875,809.265625,254.3515625,276.7109375,419.41796875,398.796875,1,OK,2.8776318,0.608368200000001,3.4991441,0,0,24720,1530,
15,38,distance,7,Optimal,0,Successfully solved (Successfully solved (INTLINPROG)),33092,19928,0,1,1,worker-reported-pid,0,NaN,0.05,127,57,506.703125,410.55078125,672.52734375,530.875,923.0859375,804.51953125,923.0859375,804.51953125,923.0859375,804.51953125,923.0859375,804.51953125,250.55859375,273.64453125,416.3828125,393.96875,1,OK,2.898072,0.638927999999999,3.558755,0,0,24720,1530,
15,38,distance,8,Optimal,0,Successfully solved (Successfully solved (INTLINPROG)),10084,6108,0,1,1,worker-reported-pid,0,NaN,0.05,128,57,506.94921875,405.86328125,672.26953125,530.74609375,928.38671875,808.109375,928.38671875,808.109375,928.38671875,808.109375,928.38671875,808.109375,256.1171875,277.36328125,421.4375,402.24609375,1,OK,2.8773296,0.614670399999997,3.5070045,0,0,24720,1530,
15,38,distance,9,Optimal,0,Successfully solved (Successfully solved (INTLINPROG)),23708,30884,0,1,1,worker-reported-pid,0,NaN,0.05,120,54,509.16796875,410.00390625,673.16796875,531.38671875,923.46875,805.375,923.46875,805.375,923.46875,805.375,923.46875,805.375,250.30078125,273.98828125,414.30078125,395.37109375,1,OK,2.7460815,0.605918499999997,3.3659834,0,0,24720,1530,
15,38,distance,10,Optimal,0,Successfully solved (Successfully solved (INTLINPROG)),7292,14632,0,1,1,worker-reported-pid,0,NaN,0.05,129,58,509.66015625,409.42578125,673.47265625,531.69921875,930.29296875,812.95703125,930.29296875,812.95703125,930.29296875,812.95703125,930.29296875,812.95703125,256.8203125,281.2578125,420.6328125,403.53125,1,OK,2.9233737,0.658626300000001,3.5959166,0,0,24720,1530,
15,38,distance,11,Optimal,0,Successfully solved (Successfully solved (INTLINPROG)),6024,24488,0,1,1,worker-reported-pid,0,NaN,0.05,276,108,505.09375,402.1953125,670.69140625,528.4453125,923.58203125,802.03125,923.58203125,802.03125,923.58203125,802.03125,923.58203125,802.03125,252.890625,273.5859375,418.48828125,399.8359375,1,OK,4.8974298,1.8165702,6.7410005,0,0,24720,1530,
15,38,distance,12,Optimal,0,Successfully solved (Successfully solved (INTLINPROG)),24580,14652,0,1,1,worker-reported-pid,0,NaN,0.05,283,113,509.4921875,410.26171875,672.296875,529.64453125,927.86328125,805.4609375,927.86328125,805.4609375,927.86328125,805.4609375,927.86328125,805.4609375,255.56640625,275.81640625,418.37109375,395.19921875,1,OK,5.1414011,1.8635989,7.0307323,0,0,24720,1530,
15,38,distance,13,Optimal,0,Successfully solved (Successfully solved (INTLINPROG)),28260,34244,0,1,1,worker-reported-pid,0,NaN,0.05,274,107,510.46875,412.77734375,669.6796875,528.28125,924.6796875,805.328125,924.6796875,805.328125,924.6796875,805.328125,924.6796875,805.328125,255,277.046875,414.2109375,392.55078125,1,OK,4.7655955,1.8664045,6.6646809,0,0,24720,1530,
15,38,distance,14,Optimal,0,Successfully solved (Successfully solved (INTLINPROG)),16444,34212,0,1,1,worker-reported-pid,0,NaN,0.05,131,58,508.01953125,408.8828125,672.4921875,530.58203125,931.10546875,813.00390625,931.10546875,813.00390625,931.10546875,813.00390625,931.10546875,813.00390625,258.61328125,282.421875,423.0859375,404.12109375,1,OK,2.9797918,0.668208200000003,3.6629732,0,0,24720,1530,
15,38,distance,15,Optimal,0,Successfully solved (Successfully solved (INTLINPROG)),10544,34584,0,1,1,worker-reported-pid,0,NaN,0.05,285,110,509.50390625,409.71875,671.9453125,530.0390625,924.48046875,804.91015625,924.48046875,804.91015625,924.48046875,804.91015625,924.48046875,804.91015625,252.53515625,274.87109375,414.9765625,395.19140625,1,OK,4.8604373,1.98756270000001,6.8753678,0,0,24720,1530,
15,38,distance,16,Optimal,0,Successfully solved (Successfully solved (INTLINPROG)),33000,27684,0,1,1,worker-reported-pid,0,NaN,0.05,257,107,510.578125,409.375,674.7421875,533.01171875,933.26953125,815.2890625,933.26953125,815.2890625,933.26953125,815.2890625,933.26953125,815.2890625,258.52734375,282.27734375,422.69140625,405.9140625,1,OK,4.7943539,1.8606461,6.6822346,0,0,24720,1530,
15,38,distance,17,Optimal,0,Successfully solved (Successfully solved (INTLINPROG)),15508,34384,0,1,1,worker-reported-pid,0,NaN,0.05,279,107,506.92578125,409.5703125,668.2578125,526.7109375,922.83984375,801.6796875,922.83984375,801.6796875,922.83984375,801.6796875,922.83984375,801.6796875,254.58203125,274.96875,415.9140625,392.109375,1,OK,4.8630899,1.8139101,6.7058435,0,0,24720,1530,
15,38,distance,18,Optimal,0,Successfully solved (Successfully solved (INTLINPROG)),3160,1600,0,1,1,worker-reported-pid,0,NaN,0.05,303,119,507.75390625,406.77734375,670.34375,528.77734375,927.078125,806.33203125,927.078125,806.33203125,927.078125,806.33203125,927.078125,806.33203125,256.734375,277.5546875,419.32421875,399.5546875,1,OK,5.3261757,2.0348243,7.3896939,0,0,24720,1530,
15,38,distance,19,Optimal,0,Successfully solved (Successfully solved (INTLINPROG)),3376,28324,0,1,1,worker-reported-pid,0,NaN,0.05,275,111,506.5859375,396.70703125,671.1640625,533.2734375,924.4453125,794.8671875,924.4453125,794.8671875,924.4453125,794.8671875,924.4453125,794.8671875,253.28125,261.59375,417.859375,398.16015625,1,OK,5.0433605,1.8356395,6.9062056,0,0,24720,1530,
15,38,distance,20,Optimal,0,Successfully solved (Successfully solved (INTLINPROG)),17316,7992,0,1,1,worker-reported-pid,0,NaN,0.05,140,63,509.9453125,410.8203125,676.0234375,534.65234375,931.15625,812.73828125,931.15625,812.73828125,931.15625,812.73828125,931.15625,812.73828125,255.1328125,278.0859375,421.2109375,401.91796875,1,OK,3.1652572,0.7117428,3.8942772,0,0,24720,1530,
15,38,energy,1,Optimal,0,Successfully solved (Successfully solved (INTLINPROG)),19808,17136,0,1,1,worker-reported-pid,0,NaN,0.05,121,57,508.19140625,412.18359375,672.69921875,530.80078125,963.27734375,848.9609375,963.27734375,848.9609375,963.27734375,848.9609375,963.27734375,848.9609375,290.578125,318.16015625,455.0859375,436.77734375,1,OK,2.919262,0.562738,3.4966258,0,0,24720,1530,
15,38,energy,2,Optimal,0,Successfully solved (Successfully solved (INTLINPROG)),25048,12332,0,1,1,worker-reported-pid,0,NaN,0.05,257,110,506.25390625,407.10546875,670.51953125,528.66796875,944.59375,828.30078125,944.59375,828.30078125,944.59375,828.30078125,944.59375,828.30078125,274.07421875,299.6328125,438.33984375,421.1953125,1,OK,5.0043154,1.8466846,6.8851572,0,0,24720,1530,
15,38,energy,3,Optimal,0,Successfully solved (Successfully solved (INTLINPROG)),28368,27880,0,1,1,worker-reported-pid,0,NaN,0.05,156,64,507.6171875,405.28125,673.6328125,531.7109375,967.44921875,853.0546875,967.44921875,853.0546875,967.44921875,853.0546875,967.44921875,853.0546875,293.81640625,321.34375,459.83203125,447.7734375,1,OK,3.3249809,0.630019100000001,3.9779504,0,0,24720,1530,
15,38,energy,4,Optimal,0,Successfully solved (Successfully solved (INTLINPROG)),22720,14516,0,1,1,worker-reported-pid,0,NaN,0.05,135,64,510.32421875,414.05859375,675.08203125,533.8828125,966.23828125,852.6328125,966.23828125,852.6328125,966.23828125,852.6328125,966.23828125,852.6328125,291.15625,318.75,455.9140625,438.57421875,1,OK,3.3832295,0.618770500000001,4.0175166,0,0,24720,1530,
15,38,energy,5,Optimal,0,Successfully solved (Successfully solved (INTLINPROG)),31460,7360,0,1,1,worker-reported-pid,0,NaN,0.05,133,61,507.28125,406.9140625,672.29296875,531.12890625,951.8203125,836.14453125,951.8203125,836.14453125,951.8203125,836.14453125,951.8203125,836.14453125,279.52734375,305.015625,444.5390625,429.23046875,1,OK,3.1909559,0.613044100000002,3.8178144,0,0,24720,1530,
15,38,energy,6,Optimal,0,Successfully solved (Successfully solved (INTLINPROG)),33756,12676,0,1,1,worker-reported-pid,0,NaN,0.05,132,62,509.53515625,410.4296875,672.70703125,531.01953125,967.46484375,850.98828125,967.46484375,850.98828125,967.46484375,850.98828125,967.46484375,850.98828125,294.7578125,319.96875,457.9296875,440.55859375,1,OK,3.1955247,0.623475300000001,3.8345519,0,0,24720,1530,
15,38,energy,7,Optimal,0,Successfully solved (Successfully solved (INTLINPROG)),18752,32440,0,1,1,worker-reported-pid,0,NaN,0.05,132,61,509.21875,410.26953125,671.4609375,529.42578125,944.15234375,827.89453125,944.15234375,827.89453125,944.15234375,827.89453125,944.15234375,827.89453125,272.69140625,298.46875,434.93359375,417.625,1,OK,3.2075927,0.613407300000001,3.8368243,0,0,24720,1530,
15,38,energy,8,Optimal,0,Successfully solved (Successfully solved (INTLINPROG)),26376,30820,0,1,1,worker-reported-pid,0,NaN,0.05,126,59,507.26171875,410.60546875,670.375,528.82421875,951.80859375,834.6640625,951.80859375,834.6640625,951.80859375,834.6640625,951.80859375,834.6640625,281.43359375,305.83984375,444.546875,424.05859375,1,OK,3.0596675,0.586332500000004,3.6590839,0,0,24720,1530,
15,38,energy,9,Optimal,0,Successfully solved (Successfully solved (INTLINPROG)),10976,15508,0,1,1,worker-reported-pid,0,NaN,0.05,137,63,505.32421875,403.88671875,670.80859375,529.28125,945.9609375,829.1015625,945.9609375,829.1015625,945.9609375,829.1015625,945.9609375,829.1015625,275.15234375,299.8203125,440.63671875,425.21484375,1,OK,3.2507453,0.654254700000001,3.9223506,0,0,24720,1530,
15,38,energy,10,Optimal,0,Successfully solved (Successfully solved (INTLINPROG)),8140,9376,0,1,1,worker-reported-pid,0,NaN,0.05,289,114,505.89453125,402.8828125,670.31640625,528.68359375,955.5703125,837.89453125,955.5703125,837.89453125,955.5703125,837.89453125,955.5703125,837.89453125,285.25390625,309.2109375,449.67578125,435.01171875,1,OK,5.2647507,1.8112493,7.1063261,0,0,24720,1530,
15,38,energy,11,Optimal,0,Successfully solved (Successfully solved (INTLINPROG)),13600,32820,0,1,1,worker-reported-pid,0,NaN,0.05,291,116,507.2421875,405.4375,669.734375,528.265625,960.3125,843.015625,960.3125,843.015625,960.3125,843.015625,960.3125,843.015625,290.578125,314.75,453.0703125,437.578125,1,OK,5.3039046,1.8860954,7.2197096,0,0,24720,1530,
15,38,energy,12,Optimal,0,Successfully solved (Successfully solved (INTLINPROG)),6024,20636,0,1,1,worker-reported-pid,0,NaN,0.05,307,115,508.87109375,410.85546875,672.7734375,530.9921875,966.0078125,852.44921875,966.0078125,852.44921875,966.0078125,852.44921875,966.0078125,852.44921875,293.234375,321.45703125,457.13671875,441.59375,1,OK,5.3086332,1.8583668,7.194627,0,0,24720,1530,
15,38,energy,13,Optimal,0,Successfully solved (Successfully solved (INTLINPROG)),12488,31192,0,1,1,worker-reported-pid,0,NaN,0.05,281,115,508.4921875,408.58984375,673.07421875,531.7734375,958.75,844.9140625,958.75,844.9140625,958.75,844.9140625,958.75,844.9140625,285.67578125,313.140625,450.2578125,436.32421875,1,OK,5.2996052,1.8133948,7.1406155,0,0,24720,1530,
15,38,energy,14,Optimal,0,Successfully solved (Successfully solved (INTLINPROG)),20960,34364,0,1,1,worker-reported-pid,0,NaN,0.05,141,64,508.30859375,410.53515625,676.1171875,534.15234375,950.00390625,832.44140625,950.00390625,832.44140625,950.00390625,832.44140625,950.00390625,832.44140625,273.88671875,298.2890625,441.6953125,421.90625,1,OK,3.3025074,0.6504926,3.9703979,0,0,24720,1530,
15,38,energy,15,Optimal,0,Successfully solved (Successfully solved (INTLINPROG)),33980,32788,0,1,1,worker-reported-pid,0,NaN,0.05,132,62,507.8515625,408.9921875,675.10546875,533.10546875,956.046875,839.046875,956.046875,839.046875,956.046875,839.046875,956.046875,839.046875,280.94140625,305.94140625,448.1953125,430.0546875,1,OK,3.2005423,0.6164577,3.8313671,0,0,24720,1530,
15,38,energy,16,Optimal,0,Successfully solved (Successfully solved (INTLINPROG)),32840,22588,0,1,1,worker-reported-pid,0,NaN,0.05,234,89,510.11328125,410.50390625,676.21484375,534.3203125,967.109375,853.08203125,967.109375,853.08203125,967.109375,853.08203125,967.109375,853.08203125,290.89453125,318.76171875,456.99609375,442.578125,1,OK,4.9009876,0.681012399999999,5.6018512,0,0,24720,1530,
15,38,energy,17,Optimal,0,Successfully solved (Successfully solved (INTLINPROG)),28484,29216,0,1,1,worker-reported-pid,0,NaN,0.05,307,116,506.82421875,407.97265625,671.37890625,529.7578125,959.56640625,847.70703125,959.56640625,847.70703125,959.56640625,847.70703125,959.56640625,847.70703125,288.1875,317.94921875,452.7421875,439.734375,1,OK,5.3851107,1.8638893,7.2750384,0,0,24720,1530,
15,38,energy,18,Optimal,0,Successfully solved (Successfully solved (INTLINPROG)),34456,34340,0,1,1,worker-reported-pid,0,NaN,0.05,290,117,509.58984375,409.140625,671.26953125,528.99609375,957.62890625,844.4140625,957.62890625,844.4140625,957.62890625,844.4140625,957.62890625,844.4140625,286.359375,315.41796875,448.0390625,435.2734375,1,OK,5.3586324,1.8893676,7.2774487,0,0,24720,1530,
15,38,energy,19,Optimal,0,Successfully solved (Successfully solved (INTLINPROG)),31788,12564,0,1,1,worker-reported-pid,0,NaN,0.05,159,79,510.7578125,404.92578125,674.14453125,536.27734375,951.1171875,825.15234375,951.1171875,825.15234375,951.1171875,825.15234375,951.1171875,825.15234375,276.97265625,288.875,440.359375,420.2265625,1,OK,4.288856,0.649143999999999,4.956954,0,0,24720,1530,
15,38,energy,20,Optimal,0,Successfully solved (Successfully solved (INTLINPROG)),24888,27684,0,1,1,worker-reported-pid,0,NaN,0.05,291,118,509.8359375,412.859375,671.95703125,530.578125,956.55078125,851.2734375,956.55078125,851.2734375,956.55078125,851.2734375,956.55078125,851.2734375,284.59375,320.6953125,446.71484375,438.4140625,1,OK,5.5028795,1.8451205,7.3750628,0,0,24720,1530,
15,38,time,1,Optimal,0,Successfully solved (Successfully solved (INTLINPROG)),15380,33424,0,1,1,worker-reported-pid,0,NaN,0.05,150,84,506.5234375,408.24609375,670.6484375,529.08203125,960.52734375,847.3203125,960.52734375,847.3203125,960.52734375,847.3203125,960.52734375,847.3203125,289.87890625,318.23828125,454.00390625,439.07421875,1,OK,4.6760743,0.587925700000003,5.2777133,0,0,24720,1530,
15,38,time,2,Optimal,0,Successfully solved (Successfully solved (INTLINPROG)),24084,23748,0,1,1,worker-reported-pid,0,NaN,0.05,260,158,507.29296875,408.7265625,673.91796875,531.890625,952.078125,834.19140625,952.078125,834.19140625,952.078125,834.19140625,952.078125,834.19140625,278.16015625,302.30078125,444.78515625,425.46484375,1,OK,7.9432647,1.8647353,9.8329908,0,0,24720,1530,
15,38,time,3,Optimal,0,Successfully solved (Successfully solved (INTLINPROG)),12440,27080,0,1,1,worker-reported-pid,0,NaN,0.05,173,97,508.76953125,408.26953125,672.2421875,530.40625,954.140625,837.234375,954.140625,837.234375,954.140625,837.234375,954.140625,837.234375,281.8984375,306.828125,445.37109375,428.96484375,1,OK,5.4218503,0.644149700000002,6.0838918,0,0,24720,1530,
15,38,time,4,Optimal,0,Successfully solved (Successfully solved (INTLINPROG)),12120,15380,0,1,1,worker-reported-pid,0,NaN,0.05,160,90,507.96484375,405.75,674.86328125,532.859375,956.60546875,839.15625,956.60546875,839.15625,956.60546875,839.15625,956.60546875,839.15625,281.7421875,306.296875,448.640625,433.40625,1,OK,5.0419732,0.606026799999996,5.662681,0,0,24720,1530,
15,38,time,5,Optimal,0,Successfully solved (Successfully solved (INTLINPROG)),1180,32924,0,1,1,worker-reported-pid,0,NaN,0.05,162,91,508.8203125,408.765625,673.51953125,532.12890625,959.4765625,841.8828125,959.4765625,841.8828125,959.4765625,841.8828125,959.4765625,841.8828125,285.95703125,309.75390625,450.65625,433.1171875,1,OK,5.0559858,0.617014200000002,5.6874744,0,0,24720,1530,
15,38,time,6,Optimal,0,Successfully solved (Successfully solved (INTLINPROG)),23972,26864,0,1,1,worker-reported-pid,0,NaN,0.05,162,90,506.5703125,407.765625,672.16796875,530.84375,963.27734375,846.15234375,963.27734375,846.15234375,963.27734375,846.15234375,963.27734375,846.15234375,291.109375,315.30859375,456.70703125,438.38671875,1,OK,5.0267849,0.613215100000001,5.6538169,0,0,24720,1530,
15,38,time,7,Optimal,0,Successfully solved (Successfully solved (INTLINPROG)),31992,26052,0,1,1,worker-reported-pid,0,NaN,0.05,163,91,506.65625,406.578125,671.90234375,530.296875,945.7109375,829.07421875,945.7109375,829.07421875,945.7109375,829.07421875,945.7109375,829.07421875,273.80859375,298.77734375,439.0546875,422.49609375,1,OK,5.0572041,0.615795899999999,5.6865517,0,0,24720,1530,
15,38,time,8,Optimal,0,Successfully solved (Successfully solved (INTLINPROG)),18168,5940,0,1,1,worker-reported-pid,0,NaN,0.05,154,88,509.51953125,413.77734375,672.9375,531.21875,945.15625,829.05859375,945.15625,829.05859375,945.15625,829.05859375,945.15625,829.05859375,272.21875,297.83984375,435.63671875,415.28125,1,OK,4.8585011,0.591498900000003,5.463813,0,0,24720,1530,
15,38,time,9,Optimal,0,Successfully solved (Successfully solved (INTLINPROG)),17884,532,0,1,1,worker-reported-pid,0,NaN,0.05,156,90,504.2734375,402.8515625,669.60546875,528.16796875,956.4765625,848.2578125,956.4765625,848.2578125,956.4765625,848.2578125,956.4765625,848.2578125,286.87109375,320.08984375,452.203125,445.40625,1,OK,5.0257994,0.586200600000002,5.6253985,0,0,24720,1530,
15,38,time,10,Optimal,0,Successfully solved (Successfully solved (INTLINPROG)),10544,30952,0,1,1,worker-reported-pid,0,NaN,0.05,335,163,509.640625,409.98828125,671.7734375,530.0546875,963.125,850.78515625,963.125,850.78515625,963.125,850.78515625,963.125,850.78515625,291.3515625,320.73046875,453.484375,440.796875,1,OK,8.3413569,1.8006431,10.168812,0,0,24720,1530,
15,38,time,11,Optimal,0,Successfully solved (Successfully solved (INTLINPROG)),32828,33052,0,1,1,worker-reported-pid,0,NaN,0.05,339,162,510.66796875,414.234375,671.4140625,529.51953125,952.8515625,835.8515625,952.8515625,835.8515625,952.8515625,835.8515625,952.8515625,835.8515625,281.4375,306.33203125,442.18359375,421.6171875,1,OK,8.2591538,1.8518462,10.1378129,0,0,24720,1530,
15,38,time,12,Optimal,0,Successfully solved (Successfully solved (INTLINPROG)),10604,27296,0,1,1,worker-reported-pid,0,NaN,0.05,344,171,505.35546875,404.56640625,672.16015625,530.02734375,949.35546875,832.453125,949.35546875,832.453125,949.35546875,832.453125,949.35546875,832.453125,277.1953125,302.42578125,444,427.88671875,1,OK,8.6753777,1.9766223,10.677896,0,0,24720,1530,
15,38,time,13,Optimal,0,Successfully solved (Successfully solved (INTLINPROG)),34776,32172,0,1,1,worker-reported-pid,0,NaN,0.05,339,163,510.74609375,411.359375,672.16796875,530.00390625,957.51953125,844.14453125,957.51953125,844.14453125,957.51953125,844.14453125,957.51953125,844.14453125,285.3515625,314.140625,446.7734375,432.78515625,1,OK,8.2946278,1.8453722,10.1677812,0,0,24720,1530,
15,38,time,14,Optimal,0,Successfully solved (Successfully solved (INTLINPROG)),23468,34008,0,1,1,worker-reported-pid,0,NaN,0.05,169,95,509.6484375,409.64453125,674.41015625,532.80859375,964.91015625,852.3515625,964.91015625,852.3515625,964.91015625,852.3515625,964.91015625,852.3515625,290.5,319.54296875,455.26171875,442.70703125,1,OK,5.2771442,0.647855800000004,5.9390481,0,0,24720,1530,
15,38,time,15,Optimal,0,Successfully solved (Successfully solved (INTLINPROG)),27140,32124,0,1,1,worker-reported-pid,0,NaN,0.05,162,91,507.27734375,406.80859375,672.5078125,530.63671875,944.38671875,827.796875,944.38671875,827.796875,944.38671875,827.796875,944.38671875,827.796875,271.87890625,297.16015625,437.109375,420.98828125,1,OK,5.0361717,0.613828299999999,5.6651143,0,0,24720,1530,
15,38,time,16,Optimal,0,Successfully solved (Successfully solved (INTLINPROG)),21256,20944,0,1,1,worker-reported-pid,0,NaN,0.05,355,164,507.31640625,407.40234375,670.03515625,527.95703125,948.0234375,831.02734375,948.0234375,831.02734375,948.0234375,831.02734375,948.0234375,831.02734375,277.98828125,303.0703125,440.70703125,423.625,1,OK,8.3371248,1.9078752,10.2734143,0,0,24720,1530,
15,38,time,17,Optimal,0,Successfully solved (Successfully solved (INTLINPROG)),28332,25388,0,1,1,worker-reported-pid,0,NaN,0.05,335,164,510.0078125,411.58203125,671.07421875,529.56640625,957.640625,844.27734375,957.640625,844.27734375,957.640625,844.27734375,957.640625,844.27734375,286.56640625,314.7109375,447.6328125,432.6953125,1,OK,8.3727302,1.8572698,10.2572576,0,0,24720,1530,
15,38,time,18,Optimal,0,Successfully solved (Successfully solved (INTLINPROG)),21532,31796,0,1,1,worker-reported-pid,0,NaN,0.05,197,94,508.2265625,407.95703125,674.21484375,532.14453125,956.8671875,839.20703125,956.8671875,839.20703125,956.8671875,839.20703125,956.8671875,839.20703125,282.65234375,307.0625,448.640625,431.25,1,OK,5.1692596,0.636740400000001,5.8218055,0,0,24720,1530,
15,38,time,19,Optimal,0,Successfully solved (Successfully solved (INTLINPROG)),33032,9436,0,1,1,worker-reported-pid,0,NaN,0.05,201,95,508.92578125,409.98046875,673.69140625,532.29296875,954.1015625,837.00390625,954.1015625,837.00390625,954.1015625,837.00390625,954.1015625,837.00390625,280.41015625,304.7109375,445.17578125,427.0234375,1,OK,5.3002231,0.616776900000001,5.9310117,0,0,24720,1530,
15,38,time,20,Optimal,0,Successfully solved (Successfully solved (INTLINPROG)),34000,356,0,1,1,worker-reported-pid,0,NaN,0.05,329,166,507.54296875,406.703125,671.80859375,530.02734375,954.58203125,841.9140625,954.58203125,841.9140625,954.58203125,841.9140625,954.58203125,841.9140625,282.7734375,311.88671875,447.0390625,435.2109375,1,OK,8.4179018,1.9320982,10.376446,0,0,24720,1530,
